职位,公司,地点,处理后的地址,发布时间,薪水,最低薪水,最高薪水,学历,处理后的学历
职位,公司,地点,处理后的地址,发布时间,薪水,最低薪水,最高薪水,学历,处理后的学历
职位,公司,地点,处理后的地址,发布时间,薪水,最低薪水,最高薪水,学历,处理后的学历
私域新媒体运营经理,瑞幸咖啡（中国）有限公司,北京-海淀区,北京,09-08,1.5-3万/月,15000.0,30000.0,学历要求：本科,本科
人力资源实习生,美团点评,北京-朝阳区,北京,09-08,3-4.5千/月,3000.0,4500.0,学历要求：,
本地生活-数据运营（生活服务低频业务）-北京,阿里巴巴集团,北京,北京,09-08,,,,学历要求：本科,本科
阿迪达斯悠唐生活广场店店员,阿迪达斯体育（中国）有限公司,北京-朝阳区,北京,09-08,5-7千/月,5000.0,7000.0,学历要求：高中,高中
系统架构师,日立解决方案（中国）有限公司,北京,北京,09-08,2-3万/月,20000.0,30000.0,学历要求：大专,大专
宏观经济研究员 - GCP,毕马威中国 KPMG China,北京-东城区,北京,09-08,1.8-3.5万/月,18000.0,35000.0,学历要求：硕士,硕士
分部财务经理,徐福记国际控股集团有限公司,异地招聘,,09-08,1-1.5万/月,10000.0,15000.0,学历要求：大专,大专
仓库管理员(长期夜班),上海任仕达人才服务有限公司,北京-通州区,北京,09-08,5.5-6千/月,5500.0,6000.0,学历要求：高中,高中
会计核算专员-华润三九,北京华润北贸医药经营有限公司,北京,北京,09-08,6-8千/月,6000.0,8000.0,学历要求：本科,本科
海外产品运营经理-日本,字节跳动,北京,北京,09-08,1.5-3万/月,15000.0,30000.0,学历要求：本科,本科
食品业务销售助理,SGS通标标准技术服务有限公司北京总公司,北京,北京,09-08,4-5.5千/月,4000.0,5500.0,学历要求：大专,大专
古北中心人事助理,家乐福北京 Beijing,北京-朝阳区,北京,09-08,5-8千/月,5000.0,8000.0,学历要求：本科,本科
Fleet Allocation Specialist/内部车辆运营专员,Tesla特斯拉汽车,北京-朝阳区,北京,09-08,1-1.5万/月,10000.0,15000.0,学历要求：本科,本科
智能硬件部- 高级Java服务器端工程师,小米通讯技术有限公司,北京-海淀区,北京,09-08,2-4万/月,20000.0,40000.0,学历要求：本科,本科
临床监察员 CRA,赛默飞世尔科技（中国）有限公司,北京,北京,09-08,,,,学历要求：本科,本科
机器人销售-铸造与机床行业(75338786）,上海ABB工程有限公司,北京,北京,09-08,2.5-3万/月,25000.0,30000.0,学历要求：本科,本科
数据中心售前架构师 - 暖通，电气,戴尔（中国）有限公司,北京,北京,09-08,4-5万/月,40000.0,50000.0,学历要求：本科,本科
销售经理,美团点评,北京-朝阳区,北京,09-08,0.8-1.2万/月,8000.0,12000.0,学历要求：本科,本科
"Area Training Manager, North China",普拉达时装商业（上海）有限公司（Prada）,北京-朝阳区,北京,09-08,3-4万/月,30000.0,40000.0,学历要求：本科,本科
Communications Specialist - Content,西门子（中国）有限公司Siemens Ltd. China,北京,北京,09-08,,,,学历要求：大专,大专
JAVA实习生,北京智鼎管理咨询有限公司,北京,北京,09-08,150元/天,4500.0,4500.0,学历要求：本科,本科
Premier Relationship Assistant ID62579,汇丰银行（中国）有限公司,北京,北京,09-08,,,,学历要求：本科,本科
北京宜家荟聚中心 - 店员/销售,施华洛世奇,北京-大兴区,北京,09-08,4.5-8千/月,4500.0,8000.0,学历要求：高中,高中
雪花秀美容顾问-北京,爱茉莉太平洋贸易有限公司,北京,北京,09-08,5-8千/月,5000.0,8000.0,学历要求：高中,高中
内勤(苏州桥）,北京雅可乳特贸易有限公司（养乐多）,北京-海淀区,北京,09-08,6-8千/月,6000.0,8000.0,学历要求：大专,大专
Medical Assistant,葛兰素史克（中国）投资有限公司,北京-朝阳区,北京,09-08,1-1.5万/月,10000.0,15000.0,学历要求：本科,本科
IQC来料检验员(Inspector),施耐德（北京）中低压电器有限公司,北京-大兴区,北京,09-08,4.5-6千/月,4500.0,6000.0,学历要求：中专,中专
理化检测及检测质量管理,北京燕京啤酒股份有限公司,北京,北京,09-08,5-7千/月,5000.0,7000.0,学历要求：本科,本科
资深销售/销售（北京国贸）,菲拉格慕时装贸易（上海）有限公司,北京-朝阳区,北京,09-08,6-8千/月,6000.0,8000.0,学历要求：大专,大专
人力资源主管,能多洁（中国）环境科技有限公司,北京-西城区,北京,09-08,0.6-1万/月,6000.0,10000.0,学历要求：本科,本科
营业担当（常驻地：北京）,日立泵制造（无锡）有限公司,异地招聘,,09-08,4.5-6千/月,4500.0,6000.0,学历要求：大专,大专
WEEKEND MaxMara导购-翠微广场,北京金美仕贸易有限公司,北京-海淀区,北京,09-08,0.8-1万/月,8000.0,10000.0,学历要求：高中,高中
36811-前端技术中心总监,深圳市腾讯计算机系统有限公司,北京,北京,09-08,,,,学历要求：本科,本科
Sr Medical Compliance Manager/资深医学合规经理,罗氏诊断产品（上海）有限公司,北京,北京,09-08,,,,学历要求：本科,本科
渠道运营专员/外勤业务（系统）,华硕电脑（上海）有限公司北京分公司,北京-海淀区,北京,09-08,6-8千/月,6000.0,8000.0,学历要求：本科,本科
北京财务销账岗,苏黎世财产保险（中国）有限公司,北京-朝阳区,北京,09-08,5.5-6.5千/月,5500.0,6500.0,学历要求：大专,大专
Warehouse Superviosr/库房主管,北京南口斯凯孚铁路轴承有限公司,北京-昌平区,北京,09-08,1-1.5万/月,10000.0,15000.0,学历要求：,
唯品会线下店店长（朝阳）,唯品会（中国）有限公司,北京,北京,09-08,0.8-1万/月,8000.0,10000.0,学历要求：,
市场投放经理（新业务方向）,北京陌陌科技有限公司,北京-朝阳区,北京,09-08,1.5-2.5万/月,15000.0,25000.0,学历要求：本科,本科
伊利2021年校招-IT培训生（总部）,内蒙古伊利实业集团股份有限公司,异地招聘,,09-08,1-1.5万/月,10000.0,15000.0,学历要求：硕士,硕士
游戏视频后期制作（二次元项目）,完美世界（北京）总部/完美时空,北京,北京,09-08,1.5-2万/月,15000.0,20000.0,学历要求：大专,大专
组织行为学 学术研究助理,完美世界（北京）总部/完美时空,北京-朝阳区,北京,09-08,0.9-1.3万/月,9000.0,13000.0,学历要求：硕士,硕士
工程专员,内蒙古鄂尔多斯服装有限公司,北京-西城区,北京,09-08,6-9千/月,6000.0,9000.0,学历要求：本科,本科
旗舰店店长,北京每日优鲜电子商务有限公司,异地招聘,,09-08,0.8-1.8万/月,8000.0,18000.0,学历要求：大专,大专
高级U3D开发工程师--3560,爱奇艺（www.iqiyi.com）,北京-朝阳区,北京,09-08,3-4万/月,30000.0,40000.0,学历要求：本科,本科
化学研发工程师(J13355),北京北大方正电子有限公司,北京-海淀区,北京,09-08,0.7-1.3万/月,7000.0,13000.0,学历要求：本科,本科
电话销售,浦发银行北京分行信用卡部,北京-西城区,北京,09-08,0.8-1万/月,8000.0,10000.0,学历要求：,
斯凯奇零售管理培训生,广州市凯捷商业有限公司北京分公司,北京-朝阳区,北京,09-08,4.5-6千/月,4500.0,6000.0,学历要求：本科,本科
电商销售高级专员(J15600),内蒙古蒙牛乳业（集团）股份有限公司低温事业部,北京-通州区,北京,09-08,6-8千/月,6000.0,8000.0,学历要求：本科,本科
运动营销专业经理-北京-05192,李宁（中国）体育用品有限公司,北京,北京,09-08,1.2-1.8万/月,12000.0,18000.0,学历要求：本科,本科
资本运营主管,九芝堂股份有限公司,北京-朝阳区,北京,09-08,1-1.5万/月,10000.0,15000.0,学历要求：硕士,硕士
Android高级开发工程师,北京同仁堂健康药业股份有限公司,北京-大兴区,北京,09-08,2-2.5万/月,20000.0,25000.0,学历要求：本科,本科
Engineered Solutions China Manager,德尔格中国,北京,北京,09-08,2-3.5万/月,20000.0,35000.0,学历要求：本科,本科
财务总监（储备干部）,圆通速递有限公司,北京,北京,09-08,1.2-2万/月,12000.0,20000.0,学历要求：本科,本科
国内机票商务经理,同程艺龙,异地招聘,,09-08,1.5-2万/月,15000.0,20000.0,学历要求：大专,大专
资深物流销售（底薪5-8k + 高提成 + 股权期权）,上海天地汇供应链管理有限公司,异地招聘,,09-08,0.7-1.5万/月,7000.0,15000.0,学历要求：中专,中专
分析和考核岗0756,中国民航信息网络股份有限公司,北京-顺义区,北京,09-08,1-1.5万/月,10000.0,15000.0,学历要求：本科,本科
Shift Manager Logistics,采埃孚汽车底盘系统（北京）有限公司,北京-大兴区,北京,09-08,1.5-2万/月,15000.0,20000.0,学历要求：本科,本科
区域销售专员(IT分销）,英迈（中国）投资有限公司,北京-海淀区,北京,09-08,0.8-1.5万/月,8000.0,15000.0,学历要求：大专,大专
lq 教育咨询师/超高提成/已上市,尚德机构,北京-朝阳区,北京,09-08,2-2.5万/月,20000.0,25000.0,学历要求：大专,大专
数据库工程师,上海文思海辉金信软件有限公司,异地招聘,,09-08,1.5-2万/月,15000.0,20000.0,学历要求：本科,本科
大客户销售,瑞庭网络技术（上海）有限公司北京分公司,北京-海淀区,北京,09-08,1-2万/月,10000.0,20000.0,学历要求：大专,大专
北京KA门店业务,郑州思念食品有限公司,北京-海淀区,北京,09-08,6-8千/月,6000.0,8000.0,学历要求：大专,大专
呼叫中心坐席-北京-07831,神州数码供应链,北京-顺义区,北京,09-08,4-7千/月,4000.0,7000.0,学历要求：大专,大专
生产操作工,利乐（中国）,北京,北京,09-08,4.5-6千/月,4500.0,6000.0,学历要求：大专,大专
融资副总裁,旭阳集团,北京-丰台区,北京,09-08,5-7万/月,50000.0,70000.0,学历要求：本科,本科
财务助理,呷哺呷哺餐饮管理有限公司,北京-大兴区,北京,09-08,4-6千/月,4000.0,6000.0,学历要求：本科,本科
Java开发工程师,信永中和会计师事务所,北京-东城区,北京,09-08,,,,学历要求：本科,本科
财务管理咨询顾问,北京信永方略管理咨询有限责任公司,北京-东城区,北京,09-08,6-8千/月,6000.0,8000.0,学历要求：本科,本科
行政前台,信永中和北京总部,北京-东城区,北京,09-08,,,,学历要求：大专,大专
BIM咨询顾问,信永中和（北京）国际工程管理咨询有限公司,北京-东城区,北京,09-08,,,,学历要求：本科,本科
税务咨询项目经理（国际业务）,信永中和税务师事务所,北京-东城区,北京,09-08,,,,学历要求：本科,本科
工程财务审计助理,信永中和工程管理有限公司,北京-东城区,北京,09-08,,,,学历要求：本科,本科
零售理财部-客户顾问岗,国金证券股份有限公司,北京-西城区,北京,09-08,0.8-1.2万/月,8000.0,12000.0,学历要求：本科,本科
Regulatory Affairs Manager,礼来（上海）管理有限公司,北京,北京,09-08,,,,学历要求：,
五金渠道经理,欧普照明股份有限公司,北京-朝阳区,北京,09-08,1.5-2万/月,15000.0,20000.0,学历要求：本科,本科
数字运营经理(Digital BP),费森尤斯卡比（中国）投资有限公司,北京,北京,09-08,2.5-3万/月,25000.0,30000.0,学历要求：本科,本科
java开发工程师(016098),神州数码（中国）有限公司,北京,北京,09-08,1-1.5万/月,10000.0,15000.0,学历要求：本科,本科
全球销售培训生,阳光电源股份有限公司,异地招聘,,09-08,1-1.5万/月,10000.0,15000.0,学历要求：本科,本科
医学***,神州数码医疗科技股份有限公司,北京-海淀区,北京,09-08,150元/天,4500.0,4500.0,学历要求：本科,本科
售前工程师 (MJ002858),神州数码信息服务股份有限公司,异地招聘,,09-08,1-1.5万/月,10000.0,15000.0,学历要求：本科,本科
公募基金固收投资总监,渤海证券股份有限公司,北京,北京,09-08,4-5万/月,40000.0,50000.0,学历要求：硕士,硕士
市场商务(J17292),瑞庭网络技术（上海）有限公司北京分公司-安居客,北京-朝阳区,北京,09-08,1-1.5万/月,10000.0,15000.0,学历要求：本科,本科
行政前台/专员,上海上鼎文化发展有限公司,北京,北京,09-08,5-7千/月,5000.0,7000.0,学历要求：大专,大专
运营部契约管理岗,长城人寿保险股份有限公司,北京-西城区,北京,09-08,1-1.5万/月,10000.0,15000.0,学历要求：本科,本科
医药代表（北京地区）,亿腾医药（中国）有限公司,北京,北京,09-08,0.4-1万/月,4000.0,10000.0,学历要求：大专,大专
设计经理,呷哺呷哺餐饮管理有限公司总部,北京-大兴区,北京,09-08,1.5-2万/月,15000.0,20000.0,学历要求：本科,本科
菜品研发经理（泰国，新加坡）,餐饮管理有限公司,北京,北京,09-08,1.5-2万/月,15000.0,20000.0,学历要求：大专,大专
客户经理-北京（基金大客营销中心）,恒生电子股份有限公司,北京-西城区,北京,09-08,1-2万/月,10000.0,20000.0,学历要求：本科,本科
店铺主管 - 北京八达岭奥莱,博柏利（上海）贸易有限公司(Burberry),北京,北京,09-08,0.8-1万/月,8000.0,10000.0,学历要求：,
销售主管（血透业务）,威高血液净化制品（上海）有限公司,北京,北京,09-08,1-1.5万/月,10000.0,15000.0,学历要求：本科,本科
车后区域督导15866,车好多-瓜子二手车,异地招聘,,09-08,0.9-1.2万/月,9000.0,12000.0,学历要求：,
高级销售工程师/客户经理,埃迈诺冠气动器材（上海）有限公司,北京-朝阳区,北京,09-08,,,,学历要求：本科,本科
学术推广经理/主管,马应龙药业集团股份有限公司,北京,北京,09-08,12-18万/年,10000.0,15000.0,学历要求：本科,本科
Adidas东方广场店导购店员,中智职业发展有限公司,北京-东城区,北京,09-08,190元/天,5700.0,5700.0,学历要求：,
设备管理专员,顺丰快运华北分公司,北京-顺义区,北京,09-08,0.8-1万/月,8000.0,10000.0,学历要求：本科,本科
包住银行分期客服（五险一金）,圣甲科技,北京-丰台区,北京,09-08,0.8-1.5万/月,8000.0,15000.0,学历要求：大专,大专
规划顾问,新东方大学事业部,北京,北京,09-08,5-6千/月,5000.0,6000.0,学历要求：本科,本科
人事经理,华睿交通科技有限公司,北京-朝阳区,北京,09-08,1-1.8万/月,10000.0,18000.0,学历要求：硕士,硕士
资金管理经理（北京省公司）,宝能汽车销售有限公司,北京-房山区,北京,09-08,1.1-1.6万/月,11000.0,16000.0,学历要求：本科,本科
北京地铁安检包吃住轻松,北京恒安卫士保安服务有限公司广州分公司,北京-海淀区,北京,09-08,4.5-6千/月,4500.0,6000.0,学历要求：,
区域业务经理,西安弗卡斯数据科技有限公司,异地招聘,,09-08,5-8千/月,5000.0,8000.0,学历要求：本科,本科
海外广告设计师,兰亭集势,异地招聘,,09-08,1-2万/月,10000.0,20000.0,学历要求：本科,本科
环境监测,本原绿洲（北京）环保科技发展有限公司,北京,北京,09-08,4-6千/月,4000.0,6000.0,学历要求：中专,中专
直播主播,北京奥丁国际旅游有限公司,北京-昌平区,北京,09-08,6-8千/月,6000.0,8000.0,学历要求：大专,大专
数据分析师助理,华云数通科技（北京）有限公司,北京-海淀区,北京,09-08,5-7千/月,5000.0,7000.0,学历要求：大专,大专
销售经理,北京多点在线科技有限公司,北京-海淀区,北京,09-08,1-1.5万/月,10000.0,15000.0,学历要求：本科,本科
化学分析研究员,上海润诺生物科技有限公司,北京,北京,09-08,,,,学历要求：本科,本科
产品测试技术员,中国人民解放军第五七一八工厂,北京,北京,09-08,,,,学历要求：本科,本科
行政人事助理,北京欣泉科技有限公司,北京-海淀区,北京,09-08,4-6千/月,4000.0,6000.0,学历要求：大专,大专
部门助理,上海艾为电子技术股份有限公司,北京,北京,09-08,,,,学历要求：本科,本科
银行分期客服包住（五险一金）,合肥言有物信息产业有限公司,北京-丰台区,北京,09-08,0.8-1.5万/月,8000.0,15000.0,学历要求：大专,大专
水质化验员兼维修,武汉爱普工业服务有限公司,北京-密云区,北京,09-08,4.5-6千/月,4500.0,6000.0,学历要求：中专,中专
售后服务专员,北京诚大商贸有限公司,北京-朝阳区,北京,09-08,6-8千/月,6000.0,8000.0,学历要求：大专,大专
金融交易员,北京储慧国际咨询有限公司,北京-朝阳区,北京,09-08,1-1.5万/月,10000.0,15000.0,学历要求：,
商品展示/软装设计师[美克美家北京],美克家居-美克美家,北京-丰台区,北京,09-08,5-7千/月,5000.0,7000.0,学历要求：大专,大专
影城全职服务员-卢米埃北京,北京卢米埃时代电影院线有限公司,北京-大兴区,北京,09-08,3-4.5千/月,3000.0,4500.0,学历要求：中专,中专
建筑设计（北京）,华东建筑设计研究院有限公司,北京,北京,09-08,,,,学历要求：大专,大专
客服文员,北京神鹰国际货运有限公司,北京-顺义区,北京,09-08,3-4.5千/月,3000.0,4500.0,学历要求：大专,大专
项目助理,投资北京国际有限公司,北京,北京,09-08,3-4千/月,3000.0,4000.0,学历要求：本科,本科
销售顾问（有赞）,北京凤中乾广告有限公司,北京-朝阳区,北京,09-08,1-1.5万/月,10000.0,15000.0,学历要求：大专,大专
急聘应届生销售,北京骄阳房地产经纪有限公司,北京-朝阳区,北京,09-08,0.4-1万/月,4000.0,10000.0,学历要求：初中及以下,初中及以下
软件测试工程师,北京中农信达信息技术有限公司,北京-海淀区,北京,09-08,1-2万/月,10000.0,20000.0,学历要求：本科,本科
代某外资医疗企业招聘 AP助理（企业直签）,北京外企人力资源服务有限公司,北京-朝阳区,北京,09-08,6-8千/月,6000.0,8000.0,学历要求：本科,本科
超市诚聘理货员工作轻松,安能维通（北京）科技有限公司,北京-昌平区,北京,09-08,4.3-5.5千/月,4300.0,5500.0,学历要求：初中及以下,初中及以下
猎头助理/高端招聘/0基础培训,埃摩森网络科技（上海）有限公司,北京-朝阳区,北京,09-08,6-8千/月,6000.0,8000.0,学历要求：本科,本科
房产经纪人/全北京就近分配/优秀团队,北京链家置地房地产经纪有限公司-BJ054,北京,北京,09-08,0.8-1万/月,8000.0,10000.0,学历要求：本科,本科
会计,中能华辰控股集团有限公司,北京-朝阳区,北京,09-08,0.5-1万/月,5000.0,10000.0,学历要求：大专,大专
自动控制系统工程师,北京三融科技有限公司,北京-大兴区,北京,09-08,0.8-1.2万/月,8000.0,12000.0,学历要求：大专,大专
京东淘宝客服,洛威克（北京）科技有限公司,北京-大兴区,北京,09-08,4.5-6千/月,4500.0,6000.0,学历要求：大专,大专
产品经理（细胞）,北京永华燕芸生物科技有限公司,北京-丰台区,北京,09-08,1.5-2万/月,15000.0,20000.0,学历要求：本科,本科
培训专员/助理,北京索迪斯服务有限公司,北京-朝阳区,北京,09-08,6-7千/月,6000.0,7000.0,学历要求：本科,本科
财务经理,北京钥途冷运物流有限公司,北京-丰台区,北京,09-08,2-2.5万/月,20000.0,25000.0,学历要求：本科,本科
电话销售,北京隆基盛世国际教育咨询中心,北京-丰台区,北京,09-08,3-4.5千/月,3000.0,4500.0,学历要求：,
工程造价师,北京安达惠木业有限公司,北京-朝阳区,北京,09-08,0.8-1.5万/月,8000.0,15000.0,学历要求：大专,大专
电气助理工程师,康纳克斯（北京）工程技术有限公司,北京-朝阳区,北京,09-08,0.6-1.5万/月,6000.0,15000.0,学历要求：硕士,硕士
急聘汽车维修技师急急急,北京晟仕嘉华商贸有限公司,北京-通州区,北京,09-08,0.8-1.5万/月,8000.0,15000.0,学历要求：,
女装高级导购,深圳宝业时装零售有限公司,北京-东城区,北京,09-08,4.5-6千/月,4500.0,6000.0,学历要求：,
高精地图引擎研发工程师,理想汽车,北京-朝阳区,北京,09-08,25-40万/年,20833.333333333332,33333.333333333336,学历要求：本科,本科
工艺指导,朗姿股份有限公司,北京-朝阳区,北京,09-08,6-8千/月,6000.0,8000.0,学历要求：大专,大专
赴日机场工作人员,重庆国际劳务培训中心有限公司,北京,北京,09-08,1.5-2千/月,1500.0,2000.0,学历要求：大专,大专
高级Java开发工程师 (MJ003906),广联达,北京,北京,09-08,2-2.8万/月,20000.0,28000.0,学历要求：本科,本科
销售代表,北京同心行科贸有限公司,北京-西城区,北京,09-08,5-8千/月,5000.0,8000.0,学历要求：大专,大专
大客户经理-小米-北京,全芯科电子技术（深圳）有限公司,北京,北京,09-08,15-20万/年,12500.0,16666.666666666668,学历要求：本科,本科
前端工程师,北京哲石科技咨询有限公司,北京-朝阳区,北京,09-08,0.7-1.1万/月,7000.0,11000.0,学历要求：本科,本科
工程资料员,北京荣景天悦电力设备安装有限公司,北京-海淀区,北京,09-08,4.5-6千/月,4500.0,6000.0,学历要求：大专,大专
售前/售后技术支持工程师,北京星光莱特电子有限公司,北京-大兴区,北京,09-08,4.5-6千/月,4500.0,6000.0,学历要求：大专,大专
销售工程师,宁波常成企业管理咨询有限公司,北京,北京,09-08,1.5-2万/月,15000.0,20000.0,学历要求：本科,本科
急聘-北京微商城运营（有赞小鹅通）,英伦云学,北京-朝阳区,北京,09-08,2-3万/月,20000.0,30000.0,学历要求：本科,本科
HRBP,上海卓越睿新数码科技有限公司,北京,北京,09-08,0.8-1.4万/月,8000.0,14000.0,学历要求：本科,本科
财务助理,北京有人云科技有限公司,北京-大兴区,北京,09-08,4.5-6千/月,4500.0,6000.0,学历要求：大专,大专
互联网行业  猎头顾问（朝阳门）,北京嗨猎咨询有限公司,北京-朝阳区,北京,09-08,0.6-1.2万/月,6000.0,12000.0,学历要求：本科,本科
招聘主管,北京联东模板有限公司,北京-通州区,北京,09-08,1.5-2万/月,15000.0,20000.0,学历要求：本科,本科
资金管理岗,信泰人寿保险股份有限公司,北京-朝阳区,北京,09-08,0.8-1万/月,8000.0,10000.0,学历要求：本科,本科
招聘主管,北京联东投资（集团）有限公司,北京-通州区,北京,09-08,1.5-2万/月,15000.0,20000.0,学历要求：本科,本科
高级转载编辑,深圳木棉说科技股份有限公司,北京-朝阳区,北京,09-08,0.8-1.5万/月,8000.0,15000.0,学历要求：本科,本科
披萨师傅,北京星坐餐饮服务有限公司,北京-朝阳区,北京,09-08,4.5-6千/月,4500.0,6000.0,学历要求：,
生鲜电商负责人（新区储备） (MJ000974),广州市钱大妈农产品有限公司,异地招聘,,09-08,1.5-3.5万/月,15000.0,35000.0,学历要求：大专,大专
质量主管,欧必翼科技集团有限公司,北京,北京,09-08,6-9千/月,6000.0,9000.0,学历要求：大专,大专
高级运维工程师,江苏人加信息科技有限公司,北京-海淀区,北京,09-08,0.8-1万/月,8000.0,10000.0,学历要求：大专,大专
销售顾问+底薪8000+高提成,麦田房产,北京-朝阳区,北京,09-08,1.5-2万/月,15000.0,20000.0,学历要求：本科,本科
区域销售经理-北京,深圳因赛德思医疗科技有限公司,北京,北京,09-08,20-30万/年,16666.666666666668,25000.0,学历要求：本科,本科
招商经理,北京诺德佳医疗科技有限公司,北京-海淀区,北京,09-08,0.8-1万/月,8000.0,10000.0,学历要求：大专,大专
线上合规团队行政,上海明酷营销服务有限公司,北京-东城区,北京,09-08,6-7千/月,6000.0,7000.0,学历要求：本科,本科
电力工程预算员资料员,丹东东阔贸易有限公司,北京-海淀区,北京,09-08,4-8千/月,4000.0,8000.0,学历要求：大专,大专
前端开发工程师,珠海市新德汇信息技术有限公司,北京-东城区,北京,09-08,1-1.5万/月,10000.0,15000.0,学历要求：本科,本科
门店运营,深圳市爱施德股份有限公司,北京-朝阳区,北京,09-08,6-9千/月,6000.0,9000.0,学历要求：本科,本科
电商管理助理,绫致时装（天津）有限公司,北京-朝阳区,北京,09-08,1-1.5万/月,10000.0,15000.0,学历要求：本科,本科
替补司机（国贸四惠区域）,北京百路通行汽车租赁有限公司,北京,北京,09-08,4.5-6千/月,4500.0,6000.0,学历要求：,
市场助理,北京百川盈孚科技有限公司,北京-朝阳区,北京,09-08,4-8千/月,4000.0,8000.0,学历要求：本科,本科
童书编辑实习生,北京童立方文化品牌管理有限公司,北京-大兴区,北京,09-08,3-4.5千/月,3000.0,4500.0,学历要求：本科,本科
0931BU-高级行政专员,平安健康保险股份有限公司,北京-朝阳区,北京,09-08,1.5-2万/月,15000.0,20000.0,学历要求：本科,本科
市场策划高级专员,科华恒盛股份有限公司,北京-海淀区,北京,09-08,1-1.5万/月,10000.0,15000.0,学历要求：本科,本科
门店人事销售后勤（北京通州菲玛）,四川菲玛贸易有限公司,北京-通州区,北京,09-08,4.5-6千/月,4500.0,6000.0,学历要求：中专,中专
北京房山首创奥莱奢侈品服装导购,上海崇定商贸有限公司,北京,北京,09-08,0.8-1万/月,8000.0,10000.0,学历要求：高中,高中
出差普工搬运工叉车工 月薪过万,盈江晨俊物流有限公司,异地招聘,,09-08,1-1.5万/月,10000.0,15000.0,学历要求：初中及以下,初中及以下
人力资源经理,中京卫保安服务（北京）有限公司,北京-朝阳区,北京,09-08,0.6-1万/月,6000.0,10000.0,学历要求：大专,大专
总经理助理,国资华泰鼎盛（北京）投资管理有限公司,北京,北京,09-08,1.5-2万/月,15000.0,20000.0,学历要求：大专,大专
器械临床研究项目经理/高级临床研究项目经理CTM/SCTM,南京希麦迪医药科技有限公司,异地招聘,,09-08,1.5-2万/月,15000.0,20000.0,学历要求：本科,本科
专利费用岗位流程文员,北京派特恩知识产权代理有限公司,北京-海淀区,北京,09-08,5-7千/月,5000.0,7000.0,学历要求：大专,大专
高薪石景山接听客服,北京百思特捷迅科技有限公司,北京-石景山区,北京,09-08,6-8千/月,6000.0,8000.0,学历要求：大专,大专
人事,北京威特空间科技有限公司,北京-大兴区,北京,09-08,0.8-1.2万/月,8000.0,12000.0,学历要求：本科,本科
桌面运维工程师（接受实习）,北京天润融通科技股份有限公司,北京-大兴区,北京,09-08,6-8千/月,6000.0,8000.0,学历要求：本科,本科
工程技术中心总监(J10556),石榴物业服务集团有限公司,北京-丰台区,北京,09-08,3-4万/月,30000.0,40000.0,学历要求：大专,大专
营业企画专员/企划专员,松下电器（中国）有限公司 环境方案公司,北京-大兴区,北京,09-08,0.8-1万/月,8000.0,10000.0,学历要求：本科,本科
客户经理,上海梓华财务咨询股份有限公司,异地招聘,,09-08,2-2.5万/月,20000.0,25000.0,学历要求：大专,大专
UI设计师,北京思卓软件有限公司,北京-昌平区,北京,09-08,4-6千/月,4000.0,6000.0,学历要求：大专,大专
外派会计（医疗保障局）,深圳日浩会计师事务所,北京,北京,09-08,0.8-1.2万/月,8000.0,12000.0,学历要求：本科,本科
人力客服主管/专员（北京）,人事人（北京）科技有限公司,北京-朝阳区,北京,09-08,6-8千/月,6000.0,8000.0,学历要求：大专,大专
地区商务经理_MMS_北京,碧迪医疗器械（上海）有限公司,北京,北京,09-08,1.8-2.4万/月,18000.0,24000.0,学历要求：本科,本科
销售代表,广州源井生物科技有限公司,异地招聘,,09-08,0.6-1万/月,6000.0,10000.0,学历要求：大专,大专
总经理助理,泰嘉国际教育科技（北京）有限公司,北京-顺义区,北京,09-08,1.2-1.8万/月,12000.0,18000.0,学历要求：硕士,硕士
社群运营,天津奕博鸿盛企业管理咨询有限公司,北京,北京,09-08,6-8千/月,6000.0,8000.0,学历要求：大专,大专
软件图形开发工程师(C++建筑桥梁岩土二三维图形平台）,北京迈达斯技术有限公司,北京-海淀区,北京,09-08,1.5-3万/月,15000.0,30000.0,学历要求：大专,大专
注塑操作工,北京安和加利尔科技有限公司,北京-大兴区,北京,09-08,4.5-6千/月,4500.0,6000.0,学历要求：中技,中技
前台接待（165以上+口才好）,北京乐都会文化传播有限公司,北京-海淀区,北京,09-08,1000元/天,30000.0,30000.0,学历要求：初中及以下,初中及以下
中级开发工程师,北京数码易知科技发展有限责任公司,北京,北京,09-08,1.6-2万/月,16000.0,20000.0,学历要求：本科,本科
财务出纳,北京康泰隆科技发展有限公司,北京-海淀区,北京,09-08,5-7千/月,5000.0,7000.0,学历要求：大专,大专
办公室出库管理员,北京如日火炉火餐饮有限公司一城分公司,北京-顺义区,北京,09-08,6-8千/月,6000.0,8000.0,学历要求：中专,中专
解决方案工程师（智慧城市/园区）,亚信科技SMC,北京-海淀区,北京,09-08,1.5-2.8万/月,15000.0,28000.0,学历要求：本科,本科
PHP开发工程师,顾家集团有限公司,北京-西城区,北京,09-08,0.8-1万/月,8000.0,10000.0,学历要求：本科,本科
工程会计,德爱威（中国）有限公司,北京,北京,09-08,0.8-1万/月,8000.0,10000.0,学历要求：大专,大专
薪酬绩效经理,东华软件股份公司,北京-朝阳区,北京,09-08,0.8-1.5万/月,8000.0,15000.0,学历要求：本科,本科
销售文员（北京）,保利地产投资顾问有限公司北京分公司,北京-海淀区,北京,09-08,6-8千/月,6000.0,8000.0,学历要求：本科,本科
行政助理,北京世纪明德教育科技股份有限公司,北京-海淀区,北京,09-08,5-8千/月,5000.0,8000.0,学历要求：大专,大专
广告销售,北京上娱娱乐文化传媒有限公司,北京-朝阳区,北京,09-08,6-8千/月,6000.0,8000.0,学历要求：大专,大专
金融管培生（限海归）,北京源石创世财富资产管理有限公司,北京-朝阳区,北京,09-08,1-1.5万/月,10000.0,15000.0,学历要求：硕士,硕士
嵌入式软件工程师,北京雷博物位技术有限公司,北京-丰台区,北京,09-08,2.5-3万/月,25000.0,30000.0,学历要求：本科,本科
项目实施经理,北京三易拓科技有限公司,北京-海淀区,北京,09-08,0.8-1.3万/月,8000.0,13000.0,学历要求：本科,本科
直聘奈雪茶饮店员提供住宿,北京志锐博创科技有限公司,北京-东城区,北京,09-08,4.5-6千/月,4500.0,6000.0,学历要求：,
渗透测试工程师,北京安信天行科技有限公司,北京,北京,09-08,1.5-2万/月,15000.0,20000.0,学历要求：本科,本科
眼镜店导购（上五休二）,北京新锋场域企业管理有限公司,北京-朝阳区,北京,09-08,4.4-4.9千/月,4400.0,4900.0,学历要求：中技,中技
资质专员,金祺创（北京）技术有限公司,北京-丰台区,北京,09-08,6-8千/月,6000.0,8000.0,学历要求：大专,大专
系统开发经理 (MJ000487),智云健康,异地招聘,,09-08,1.7-2万/月,17000.0,20000.0,学历要求：大专,大专
销售代表/销售专员/大客户销售,杭州锐翌基因技术有限公司,北京-大兴区,北京,09-08,1-1.5万/月,10000.0,15000.0,学历要求：大专,大专
销售专员zxfl3,分众福利直送信息科技有限公司,北京-朝阳区,北京,09-08,0.8-1.5万/月,8000.0,15000.0,学历要求：大专,大专
电商运营经理,北京极地阳光户外用品有限公司,北京-朝阳区,北京,09-08,1.5-2万/月,15000.0,20000.0,学历要求：本科,本科
采购,北京华胜天成科技股份有限公司,北京-海淀区,北京,09-08,6-8千/月,6000.0,8000.0,学历要求：本科,本科
项目资料员,朗明智诚（北京）科技有限公司,北京-海淀区,北京,09-08,6-8千/月,6000.0,8000.0,学历要求：大专,大专
电话销售+五险丰台,旭禾泽畔集团,北京-丰台区,北京,09-08,0.8-1万/月,8000.0,10000.0,学历要求：,
数据工程师,用友金融信息技术股份有限公司,北京-海淀区,北京,09-08,1-1.5万/月,10000.0,15000.0,学历要求：本科,本科
数据挖掘分析师,MBP软件集团（MBP Software Group）,北京-西城区,北京,09-08,2.5-3万/月,25000.0,30000.0,学历要求：本科,本科
助理分析师,艾华迪商务咨询（上海）有限公司,北京-朝阳区,北京,09-08,6-7千/月,6000.0,7000.0,学历要求：大专,大专
Java高级开发工程师,广州汇智通信技术有限公司,北京,北京,09-08,1.5-3万/月,15000.0,30000.0,学历要求：本科,本科
管培生/储备干部/提供住宿/全球七大乐器零售商,柏斯音乐集团-北京分公司,北京,北京,09-08,0.6-1.5万/月,6000.0,15000.0,学历要求：本科,本科
京东网站推广,北京合盈兴辉通讯设备有限公司,北京-石景山区,北京,09-08,0.8-1万/月,8000.0,10000.0,学历要求：大专,大专
供应链专员,乐友国际商业集团有限公司,北京,北京,09-08,6-8千/月,6000.0,8000.0,学历要求：本科,本科
月薪8000诚聘销售代表,北京中网互动信息技术有限公司,北京-朝阳区,北京,09-08,0.5-1万/月,5000.0,10000.0,学历要求：大专,大专
Datacenter GPU Solution Architect,超威半导体（中国）有限公司,异地招聘,,09-08,50-100万/年,41666.666666666664,83333.33333333333,学历要求：本科,本科
人事专员,北京三合源汇餐饮管理有限公司,北京-丰台区,北京,09-08,5-8千/月,5000.0,8000.0,学历要求：大专,大专
中控值机（创新中心物管处）,泰康健康产业投资控股有限公司,北京-昌平区,北京,09-08,4.5-6千/月,4500.0,6000.0,学历要求：高中,高中
通讯设备开发工程师,北京中油瑞飞信息技术有限责任公司,北京-昌平区,北京,09-08,2.5-3万/月,25000.0,30000.0,学历要求：本科,本科
综合柜员（北京银座秋招）,台州银行股份有限公司,北京,北京,09-08,4.5-6千/月,4500.0,6000.0,学历要求：本科,本科
高薪诚聘 电话销售,北京亿诚学教育科技有限公司,北京-大兴区,北京,09-08,1-1.5万/月,10000.0,15000.0,学历要求：高中,高中
行政经理,北京派尔特医疗科技股份有限公司,北京-昌平区,北京,09-08,0.8-1万/月,8000.0,10000.0,学历要求：大专,大专
产品管培生,元知智慧建设科技有限公司,北京-朝阳区,北京,09-08,1-1.5万/月,10000.0,15000.0,学历要求：硕士,硕士
校区管理主任,图灵科圣（北京）信息技术有限公司,北京-海淀区,北京,09-08,0.8-1万/月,8000.0,10000.0,学历要求：本科,本科
会计主管,北京中欣银宝通支付服务有限公司,北京-东城区,北京,09-08,0.8-1万/月,8000.0,10000.0,学历要求：本科,本科
法务高级经理,上海利唐信息科技有限公司,北京-朝阳区,北京,09-08,2.5-3万/月,25000.0,30000.0,学历要求：本科,本科
自动化机械工程师,北京玉龙瑞丰科技有限公司,北京-西城区,北京,09-08,1-1.5万/月,10000.0,15000.0,学历要求：本科,本科
助理销售工程师,北京迪基透科技有限公司,北京-丰台区,北京,09-08,6-8千/月,6000.0,8000.0,学历要求：本科,本科
区域负责人 怀柔、平谷、顺义、大兴,利宝保险有限公司北京分公司,北京-朝阳区,北京,09-08,0.8-1.6万/月,8000.0,16000.0,学历要求：大专,大专
苹果开发工程师,北京晶珠医药企业管理有限公司,北京-东城区,北京,09-08,1.2-1.7万/月,12000.0,17000.0,学历要求：本科,本科
市场专员,北京市海淀区海天培训学校,北京-海淀区,北京,09-08,0.8-1.5万/月,8000.0,15000.0,学历要求：本科,本科
（供应链）数据分析工程师,中国铁道科学研究院电子计算技术研究所,北京-海淀区,北京,09-08,1-1.1万/月,10000.0,11000.0,学历要求：本科,本科
城市主管,辰诺（上海）国际贸易有限公司,北京-海淀区,北京,09-08,6-8千/月,6000.0,8000.0,学历要求：大专,大专
信息流优化师（北京/上海）,上海亦芯文化传媒有限公司,北京-大兴区,北京,09-08,1-2万/月,10000.0,20000.0,学历要求：大专,大专
销售助理,北京中广衡泰文化传媒有限公司,北京-朝阳区,北京,09-08,0.7-1万/月,7000.0,10000.0,学历要求：,
遗传咨询师,北京橡鑫生物科技有限公司,北京-大兴区,北京,09-08,1-1.5万/月,10000.0,15000.0,学历要求：硕士,硕士
店铺实习生朝阳大悦城,ZARA,北京-朝阳区,北京,09-08,23元/小时,0,0,学历要求：高中,高中
人力资源实习生,INDITEX办公室,北京,北京,09-08,150元/天,4500.0,4500.0,学历要求：本科,本科
内容营销策划（北京）,广州市原象信息科技有限公司,北京,北京,09-08,6-9千/月,6000.0,9000.0,学历要求：大专,大专
高级IOS工程师,北京安德信业信息咨询有限责任公司,北京-朝阳区,北京,09-08,2-4万/月,20000.0,40000.0,学历要求：本科,本科
iOS高级开发工程师,卓望公司教育事业部,北京-西城区,北京,09-08,1.2-2.2万/月,12000.0,22000.0,学历要求：本科,本科
BJ-八达岭-Sergio Rossi-导购,志品集团LuxbaGroup,北京-昌平区,北京,09-08,6-8千/月,6000.0,8000.0,学历要求：中专,中专
招聘主管,北京斯奇曼滑雪俱乐部有限公司,北京-海淀区,北京,09-08,0.8-1万/月,8000.0,10000.0,学历要求：大专,大专
智能化售前技术,卓思韦尔（北京）信息技术有限公司,北京-朝阳区,北京,09-08,0.8-1.2万/月,8000.0,12000.0,学历要求：大专,大专
初级FPGA工程师,泰星达（北京）科技有限公司,北京-顺义区,北京,09-08,1-1.5万/月,10000.0,15000.0,学历要求：本科,本科
销售工程师,成都芯盟微科技有限公司,北京-丰台区,北京,09-08,18-30万/年,15000.0,25000.0,学历要求：大专,大专
培训师（五险一金高薪双休）,汇聚富弘（北京）国际投资管理有限公司,北京-朝阳区,北京,09-08,1-1.5万/月,10000.0,15000.0,学历要求：大专,大专
保险经纪人,深圳市国康保险经纪有限公司,北京-东城区,北京,09-08,6-8千/月,6000.0,8000.0,学历要求：大专,大专
平面设计师,北京博苑未来管理顾问有限公司,北京-海淀区,北京,09-08,6-8千/月,6000.0,8000.0,学历要求：本科,本科
售前工程师,上海博科资讯股份有限公司,北京,北京,09-08,1.3-2.5万/月,13000.0,25000.0,学历要求：本科,本科
业务中心工程委员会现场部负责人,国寿物业管理有限公司,北京-西城区,北京,09-08,1-1.2万/月,10000.0,12000.0,学历要求：本科,本科
土建技术员,北京盛世润禾园林科技有限公司,北京-通州区,北京,09-08,7-9千/月,7000.0,9000.0,学历要求：大专,大专
电话销售精英（高提成）,全球加盟网,北京-朝阳区,北京,09-08,0.8-2.5万/月,8000.0,25000.0,学历要求：中专,中专
林学类  英文学术期刊助理编辑,曼迪匹艾（北京）科技服务有限公司,北京-海淀区,北京,09-08,0.9-1.3万/月,9000.0,13000.0,学历要求：硕士,硕士
打单员,北京全式金生物技术有限公司,北京-海淀区,北京,09-08,4-6千/月,4000.0,6000.0,学历要求：大专,大专
会计,北京合美国际教育咨询有限公司,北京-朝阳区,北京,09-08,6-8千/月,6000.0,8000.0,学历要求：大专,大专
制单员（生产计划）,北京天辰恒正工贸有限公司,北京-大兴区,北京,09-08,4.5-6千/月,4500.0,6000.0,学历要求：高中,高中
行政助理（ZF-ZF01）,太极计算机股份有限公司,北京,北京,09-08,6-8千/月,6000.0,8000.0,学历要求：本科,本科
部门助理(北理工),北京晶品特装科技有限责任公司,北京-海淀区,北京,09-08,4-8千/月,4000.0,8000.0,学历要求：大专,大专
销售员,北京远诚市场咨询有限公司,北京-朝阳区,北京,09-08,4.5-6千/月,4500.0,6000.0,学历要求：本科,本科
跆拳道负责人,北京艾特联盟体育发展有限公司,北京,北京,09-08,6-8千/月,6000.0,8000.0,学历要求：大专,大专
应用技术支持,上海吉泰依科赛生物科技有限公司,北京-西城区,北京,09-08,1.5-3万/月,15000.0,30000.0,学历要求：硕士,硕士
资金主管,北京泛生子基因科技有限公司,北京-昌平区,北京,09-08,1-1.5万/月,10000.0,15000.0,学历要求：本科,本科
技术支持工程师,中教畅享（北京）科技有限公司,北京-石景山区,北京,09-08,4-7千/月,4000.0,7000.0,学历要求：本科,本科
UE4特效师,北京易桥凯丰模拟科技有限公司,北京,北京,09-08,0.6-1.2万/月,6000.0,12000.0,学历要求：大专,大专
2005 京东运营主管（北京）,贝亲管理（上海）有限公司,北京,北京,09-08,0.8-1.2万/月,8000.0,12000.0,学历要求：本科,本科
软件实施工程师（民政）,北京久其软件股份有限公司,北京-海淀区,北京,09-08,6-6.5千/月,6000.0,6500.0,学历要求：本科,本科
软件配置管理工程师,福昕鲲鹏（北京）信息科技有限公司,北京-海淀区,北京,09-08,1.2-2万/月,12000.0,20000.0,学历要求：本科,本科
文员/助理,维达纸业（北京）有限公司,北京-朝阳区,北京,09-08,4.5-6千/月,4500.0,6000.0,学历要求：大专,大专
服装设计师,深圳市慷泽服饰有限公司,北京-大兴区,北京,09-08,6-8千/月,6000.0,8000.0,学历要求：大专,大专
Web前端开发工程师,航天新气象科技有限公司,北京-海淀区,北京,09-08,1-1.5万/月,10000.0,15000.0,学历要求：本科,本科
仓库运营 (RDC)及实物发运执行,博西家用电器（中国）有限公司,异地招聘,,09-08,4.5-6千/月,4500.0,6000.0,学历要求：本科,本科
投标专员,北京中同华资产评估有限公司,北京-丰台区,北京,09-08,4-6千/月,4000.0,6000.0,学历要求：本科,本科
软件销售,东方雅达（北京）科技有限公司,北京-海淀区,北京,09-08,5-7千/月,5000.0,7000.0,学历要求：高中,高中
经销商销售督导,米技电子电器（上海）有限公司 Miji Electronics and Appliances （Shanghai） Ltd.,北京-朝阳区,北京,09-08,6-9千/月,6000.0,9000.0,学历要求：大专,大专
战略部商务助理,北京洁禹通环保科技有限公司,北京-海淀区,北京,09-08,6-8千/月,6000.0,8000.0,学历要求：本科,本科
慢病管理经理,迈威（上海）生物科技股份有限公司,异地招聘,,09-08,20-40万/年,16666.666666666668,33333.333333333336,学历要求：本科,本科
销售代表,广东恰好时体育有限公司,北京-朝阳区,北京,09-08,0.8-2万/月,8000.0,20000.0,学历要求：大专,大专
金融助理 五险 双休,北京磐程科技有限公司,北京-朝阳区,北京,09-08,6-8千/月,6000.0,8000.0,学历要求：大专,大专
厂务工程师,中科艾尔（北京）科技有限公司,异地招聘,,09-08,6-8千/月,6000.0,8000.0,学历要求：大专,大专
社区拓展销售（优厚待遇）,北京冠林豪泰电子科技有限公司,北京-朝阳区,北京,09-08,0.6-1.2万/月,6000.0,12000.0,学历要求：大专,大专
出口客服,北京泽坤国际货运代理有限公司,北京,北京,09-08,4.5-6千/月,4500.0,6000.0,学历要求：大专,大专
运维工程师（数据中心）,上海东方低碳科技产业股份有限公司,北京-大兴区,北京,09-08,6-8千/月,6000.0,8000.0,学历要求：大专,大专
销售专员+双休+五险一金+急急急,北京嫣然世纪科技有限公司,北京-丰台区,北京,09-08,0.8-1万/月,8000.0,10000.0,学历要求：,
高级售前工程师,北京金信润天信息技术股份有限公司,北京-海淀区,北京,09-08,2-2.5万/月,20000.0,25000.0,学历要求：本科,本科
运动营养师,北京康比特体育科技股份有限公司,北京-朝阳区,北京,09-08,0.7-1.5万/月,7000.0,15000.0,学历要求：硕士,硕士
商务实习生,安图特（北京）科技有限公司,北京-西城区,北京,09-08,2-4千/月,2000.0,4000.0,学历要求：大专,大专
保险经纪人/保险经纪合伙人（全国）,明亚保险经纪股份有限公司,北京-朝阳区,北京,09-08,3-6万/月,30000.0,60000.0,学历要求：本科,本科
研发助理工程师,北京中立格林传感科技股份有限公司,北京-海淀区,北京,09-08,6-8千/月,6000.0,8000.0,学历要求：大专,大专
Java开发工程师,北京联龙博通电子商务技术有限公司,北京-海淀区,北京,09-08,1.4-1.7万/月,14000.0,17000.0,学历要求：本科,本科
长途物流普工月过万,金湖金塔物流有限公司,异地招聘,,09-08,0.9-1.2万/月,9000.0,12000.0,学历要求：,
网络主播,北京传承匠心文化有限公司,北京-大兴区,北京,09-08,4.5-6千/月,4500.0,6000.0,学历要求：大专,大专
WebGIS应用开发项目经理,北京融都投资管理有限公司,北京-朝阳区,北京,09-08,1.5-2万/月,15000.0,20000.0,学历要求：本科,本科
行政助理/行政内勤,北京中兴智科科技发展有限公司,北京-海淀区,北京,09-08,4.5-6千/月,4500.0,6000.0,学历要求：大专,大专
产品专员,天新福（北京）医疗器材股份有限公司,北京-朝阳区,北京,09-08,0.8-1.2万/月,8000.0,12000.0,学历要求：本科,本科
品质督查专员（西直门）,金融街物业股份有限公司,北京-西城区,北京,09-08,5.5-6.5千/月,5500.0,6500.0,学历要求：大专,大专
日语律师助理（公司与证券业务）,北京天达共和律师事务所,北京-朝阳区,北京,09-08,1.2-1.5万/月,12000.0,15000.0,学历要求：硕士,硕士
北京销售经理,杭州梅清数码科技有限公司,北京,北京,09-08,1.2-2万/月,12000.0,20000.0,学历要求：本科,本科
产品经理（基因行业）,赛福基因,异地招聘,,09-08,1.2-2万/月,12000.0,20000.0,学历要求：博士,博士
仿真系统研发工程师,北京中电易达科技有限公司,北京-东城区,北京,09-08,1.5-2.5万/月,15000.0,25000.0,学历要求：本科,本科
玉米产品助理,科沃施农业科技研发（安徽）有限公司,北京-朝阳区,北京,09-08,6-8千/月,6000.0,8000.0,学历要求：本科,本科
销售经理 年薪15-30万+团队合作,北京丽兹行房地产顾问有限公司-BJ11,北京,北京,09-08,0.8-1万/月,8000.0,10000.0,学历要求：本科,本科
销售经理（医药/医疗器械）,武汉康录生物技术股份有限公司,北京,北京,09-08,0.8-1万/月,8000.0,10000.0,学历要求：大专,大专
质量工程师,杭州湘滨电子科技有限公司,北京-海淀区,北京,09-08,1-2万/月,10000.0,20000.0,学历要求：本科,本科
培训生（生物分子方向）,中关村华康基因研究院,北京-海淀区,北京,09-08,0.6-1.2万/月,6000.0,12000.0,学历要求：硕士,硕士
开发经理,人合正道管理咨询（北京）有限公司,北京-大兴区,北京,09-08,6-8千/月,6000.0,8000.0,学历要求：本科,本科
中兴通信技术讲师（视讯方向）,北京中兴协力科技有限公司,北京-海淀区,北京,09-08,1-1.5万/月,10000.0,15000.0,学历要求：本科,本科
Java开发工程师,北京开科唯识技术有限公司,北京-朝阳区,北京,09-08,1.1-1.6万/月,11000.0,16000.0,学历要求：本科,本科
机器人调试工程师,北京博联众睿机器人科技有限公司,北京-大兴区,北京,09-08,1-1.5万/月,10000.0,15000.0,学历要求：中专,中专
护士,北京钛植口腔医院管理有限公司,北京-朝阳区,北京,09-08,5-8千/月,5000.0,8000.0,学历要求：大专,大专
高级审计人员（）,恒健联合咨询（北京）有限公司,北京,北京,09-08,0.8-1万/月,8000.0,10000.0,学历要求：本科,本科
KA销售代表,巨源云商（北京）有限公司,北京-通州区,北京,09-08,0.6-1万/月,6000.0,10000.0,学历要求：高中,高中
联通系统部主管,深圳科士达科技股份有限公司,北京,北京,09-08,1-1.5万/月,10000.0,15000.0,学历要求：本科,本科
活动策划/编辑（研招事业部）,中国教育在线,北京-海淀区,北京,09-08,1-1.5万/月,10000.0,15000.0,学历要求：本科,本科
商场物业经理（北京总部平台）,首置物业,北京-西城区,北京,09-08,1.5-2.5万/月,15000.0,25000.0,学历要求：大专,大专
理事长助理,北京博轩管理咨询有限公司,北京-朝阳区,北京,09-08,7-9千/月,7000.0,9000.0,学历要求：本科,本科
校园信息化销售,光控特斯联（上海）信息科技有限公司,北京,北京,09-08,1.5-2万/月,15000.0,20000.0,学历要求：大专,大专
客户经理,史带财产保险股份有限公司,北京-朝阳区,北京,09-08,1-2万/月,10000.0,20000.0,学历要求：本科,本科
Operational Excellence Manager,艾格拉信息咨询（北京）有限公司,北京-顺义区,北京,09-08,2-2.5万/月,20000.0,25000.0,学历要求：本科,本科
2021校招-百度地图测绘/计算机专业校招生,北京长地万方科技有限公司,异地招聘,,09-08,1-1.5万/月,10000.0,15000.0,学历要求：本科,本科
安卓地面站APP开发,航天图景（北京）科技有限公司,北京-顺义区,北京,09-08,1.2-1.8万/月,12000.0,18000.0,学历要求：,
Brooks Brothers 布克兄弟 北京双安  营业员,布克兄弟（上海）商贸有限公司,北京-海淀区,北京,09-08,5-8千/月,5000.0,8000.0,学历要求：高中,高中
商务助理（内蒙古呼和浩特）,北京康发汇鑫能源科技有限公司,异地招聘,,09-08,4.5-6千/月,4500.0,6000.0,学历要求：大专,大专
值班主管,乐高贸易（北京）有限公司上海第二分公司,北京-东城区,北京,09-08,10-15万/年,8333.333333333334,12500.0,学历要求：大专,大专
操作工,北京倍菲格琳科技有限公司,北京,北京,09-08,4-7千/月,4000.0,7000.0,学历要求：,
审计助理,北京中崇信会计师事务所有限责任公司,北京,北京,09-08,4-4.3千/月,4000.0,4300.0,学历要求：本科,本科
品牌设计师,单记（北京）食品有限公司,北京-朝阳区,北京,09-08,1-1.5万/月,10000.0,15000.0,学历要求：本科,本科
核算会计(000638),北京高能时代环境技术股份有限公司,北京,北京,09-08,6-8千/月,6000.0,8000.0,学历要求：本科,本科
H5/WebAPP开发,北京悦和软件有限公司,北京,北京,09-08,1-1.5万/月,10000.0,15000.0,学历要求：大专,大专
系统实施工程师,北京运联上和科技有限公司,北京-海淀区,北京,09-08,1-1.5万/月,10000.0,15000.0,学历要求：本科,本科
质量巡检专员,北京黄记煌餐饮管理有限责任公司,北京-顺义区,北京,09-08,5-6千/月,5000.0,6000.0,学历要求：大专,大专
等保测评工程师,嘉义科技（北京）有限公司,北京,北京,09-08,0.7-1.3万/月,7000.0,13000.0,学历要求：大专,大专
区域销售经理（四川、重庆）,北京丹华昊博电力科技有限公司,北京-海淀区,北京,09-08,0.8-1.5万/月,8000.0,15000.0,学历要求：大专,大专
招商经理（零售）,龙湖集团商业,北京-朝阳区,北京,09-08,20-30万/年,16666.666666666668,25000.0,学历要求：大专,大专
Java高级开发工程师 react prefer（天津）,北京伯凯科技有限公司,异地招聘,,09-08,1-2万/月,10000.0,20000.0,学历要求：本科,本科
智能锁销售经理,一诺仪器（中国）有限公司,北京-朝阳区,北京,09-08,4-8千/月,4000.0,8000.0,学历要求：大专,大专
月入过万生鲜配送员外卖送餐员分拣员理货员就近安排,宁波优谷商业管理有限公司天一餐饮分公司,北京-朝阳区,北京,09-08,0.8-1万/月,8000.0,10000.0,学历要求：,
行政助理,北京长峰海维电子技术研究所,北京-石景山区,北京,09-08,4-5.9千/月,4000.0,5900.0,学历要求：本科,本科
20届-自如管家实习生,北京自如生活企业管理有限公司,北京-朝阳区,北京,09-08,6-8千/月,6000.0,8000.0,学历要求：本科,本科
销售代表,北京济信天成科技发展有限公司,北京-海淀区,北京,09-08,0.5-2万/月,5000.0,20000.0,学历要求：大专,大专
融资业务经理,中国平安人寿保险股份有限公司北京分公司,北京-朝阳区,北京,09-08,0.7-1.2万/月,7000.0,12000.0,学历要求：大专,大专
出纳,北京凯威大厦有限公司,北京-朝阳区,北京,09-08,4-6千/月,4000.0,6000.0,学历要求：大专,大专
造价咨询助理（土建、安装）,北京汉腾工程顾问有限公司,北京-石景山区,北京,09-08,4.5-6千/月,4500.0,6000.0,学历要求：大专,大专
处方药医药代表（北京/应届生）,兴和制药（中国）有限公司,北京,北京,09-08,6-8千/月,6000.0,8000.0,学历要求：大专,大专
党群干事,北京云星宇交通科技股份有限公司,北京,北京,09-08,10-15万/年,8333.333333333334,12500.0,学历要求：本科,本科
行政人资主管,北京中招互连应用科技有限公司,北京-海淀区,北京,09-08,0.8-1万/月,8000.0,10000.0,学历要求：本科,本科
市场销售-美业经验优先,北京比华利医疗美容整形诊所,北京-西城区,北京,09-08,0.5-2万/月,5000.0,20000.0,学历要求：大专,大专
奢侈品集团公司招聘大客户销售 12000+提成,"E&G H.RCONSULTING CO.,LTD",北京,北京,09-08,1.5-2万/月,15000.0,20000.0,学历要求：大专,大专
销售专员,MSI微星科技,北京-朝阳区,北京,09-08,7-9千/月,7000.0,9000.0,学历要求：大专,大专
法务专员(J10607),北京环球国广媒体科技有限公司,北京,北京,09-08,6-8千/月,6000.0,8000.0,学历要求：本科,本科
调色员,北京利强博大建筑装饰工程有限公司,北京-通州区,北京,09-08,6-8千/月,6000.0,8000.0,学历要求：,
产品销售经理（急救转运）,北京易世恒电子技术有限责任公司,北京-石景山区,北京,09-08,4-8千/月,4000.0,8000.0,学历要求：大专,大专
外资项目主管（英文要求）,中安保实业集团有限公司,北京-顺义区,北京,09-08,7-9千/月,7000.0,9000.0,学历要求：大专,大专
销售专员,深圳市三鑫科技发展有限公司北京分公司,北京-朝阳区,北京,09-08,5-7千/月,5000.0,7000.0,学历要求：大专,大专
客户代表,北京天宇讯联科技有限公司,北京-西城区,北京,09-08,0.8-1万/月,8000.0,10000.0,学历要求：大专,大专
销售代表+高提成+双休,中企万业（北京）企业管理有限公司,北京-朝阳区,北京,09-08,4.5-6千/月,4500.0,6000.0,学历要求：,
行政专员,北京众鑫之星国际旅行社有限公司,北京-丰台区,北京,09-08,4.5-6千/月,4500.0,6000.0,学历要求：中专,中专
生产文员,北京爱普力思健康科技有限公司,北京-海淀区,北京,09-08,4.5-6千/月,4500.0,6000.0,学历要求：大专,大专
java开发工程师（初级）,上海致宇信息技术有限公司,北京-西城区,北京,09-08,0.6-1.2万/月,6000.0,12000.0,学历要求：本科,本科
运营专员,北京蛛网思维教育科技有限公司,北京-海淀区,北京,09-08,6-8千/月,6000.0,8000.0,学历要求：大专,大专
出纳,北京童心童语教育咨询有限公司,北京-朝阳区,北京,09-08,4-6千/月,4000.0,6000.0,学历要求：大专,大专
北京链家高级置业顾问/全城就近分配,北京链家置地房地产经纪有限公司-BJ045,北京-海淀区,北京,09-08,0.8-1万/月,8000.0,10000.0,学历要求：本科,本科
医美护士,上海薇凯投资管理有限公司,北京-朝阳区,北京,09-08,0.8-1万/月,8000.0,10000.0,学历要求：中专,中专
北京王府半岛店销售大使,上下贸易（上海）有限公司,北京-东城区,北京,09-08,,,,学历要求：大专,大专
网站编辑,北京律赢时代网络科技发展有限公司,北京-通州区,北京,09-08,4.5-6千/月,4500.0,6000.0,学历要求：大专,大专
电机和动力系统测试标定工程师,中关村人才协会,北京-海淀区,北京,09-08,1-1.5万/月,10000.0,15000.0,学历要求：本科,本科
高级项目经理,浙江网新恩普软件有限公司,北京,北京,09-08,2-3万/月,20000.0,30000.0,学历要求：大专,大专
存储工程师,北京永信嘉安电子工程技术有限公司,北京-海淀区,北京,09-08,5.5-7千/月,5500.0,7000.0,学历要求：大专,大专
销售经理,尚汇（北京）文化传媒有限公司,北京-朝阳区,北京,09-08,1.5-2万/月,15000.0,20000.0,学历要求：本科,本科
客户代表,北京金百泽科技有限公司,北京-海淀区,北京,09-08,1-1.5万/月,10000.0,15000.0,学历要求：大专,大专
猎头顾问,亨特尔猎头（中国）公司,北京-朝阳区,北京,09-08,0.6-1.5万/月,6000.0,15000.0,学历要求：本科,本科
maya模型师,北京象新力科技有限公司,北京-海淀区,北京,09-08,1-1.5万/月,10000.0,15000.0,学历要求：大专,大专
销售（北京或天津）,苏州新光维医疗科技有限公司,异地招聘,,09-08,1-1.5万/月,10000.0,15000.0,学历要求：大专,大专
电气工程师,北京隆源自动成型系统有限公司,北京-顺义区,北京,09-08,4-8千/月,4000.0,8000.0,学历要求：,
公装设计师,北京锦岳建筑装饰工程有限公司,北京-丰台区,北京,09-08,0.5-2万/月,5000.0,20000.0,学历要求：大专,大专
北京朝阳YH高薪直招超市配送员,宁波安霖企业管理咨询有限公司,北京-朝阳区,北京,09-08,0.8-1万/月,8000.0,10000.0,学历要求：,
直招银行客服,北京才智通科技有限公司,北京-朝阳区,北京,09-08,6-8千/月,6000.0,8000.0,学历要求：大专,大专
区域销售（北京）,安吉康尔（深圳）科技有限公司,异地招聘,,09-08,0.5-1万/月,5000.0,10000.0,学历要求：本科,本科
招聘专员,北京宏祥悦程文化旅游有限公司,北京-丰台区,北京,09-08,6-7千/月,6000.0,7000.0,学历要求：大专,大专
渠道销售客户经理,上海德世朗实业有限公司,北京-朝阳区,北京,09-08,6-8千/月,6000.0,8000.0,学历要求：高中,高中
北京区域经理,苏州长光华医生物医学工程有限公司,北京,北京,09-08,5-7千/月,5000.0,7000.0,学历要求：大专,大专
质量主管,北京瑞祺电通科技有限公司,北京-海淀区,北京,09-08,0.8-1.3万/月,8000.0,13000.0,学历要求：大专,大专
产科医生,北京新景安太医疗技术服务有限公司安太嘉园医院,北京-丰台区,北京,09-08,1-1.5万/月,10000.0,15000.0,学历要求：大专,大专
监察主管,达因药业,北京,北京,09-08,6-9千/月,6000.0,9000.0,学历要求：大专,大专
进口中心市场营销部销售代表,中国国际图书贸易集团有限公司,北京,北京,09-08,6-8千/月,6000.0,8000.0,学历要求：本科,本科
SAP实施顾问(FICO)-北京,上海埃林哲软件系统股份有限公司,北京-朝阳区,北京,09-08,1-2.5万/月,10000.0,25000.0,学历要求：,
技术支持工程师,上海惠拓信息技术有限公司,北京-通州区,北京,09-08,4.5-6千/月,4500.0,6000.0,学历要求：大专,大专
Lianjia.总部直聘销售管培生/储备干部 本科学历,北京链家置地房地产经纪有限公司-BJ060,北京,北京,09-08,0.8-1万/月,8000.0,10000.0,学历要求：本科,本科
销售助理/商务,北京中电兴业技术开发有限公司,北京-西城区,北京,09-08,4-6千/月,4000.0,6000.0,学历要求：大专,大专
国资兽药厂电工,北京立时达药业有限公司,北京-朝阳区,北京,09-08,3-4.5千/月,3000.0,4500.0,学历要求：高中,高中
基因检测销售代表,上海荻硕贝肯医学检验所有限公司,异地招聘,,09-08,1-1.5万/月,10000.0,15000.0,学历要求：大专,大专
天猫运营专员,北京乐上诚品电子商务有限公司,北京-朝阳区,北京,09-08,0.5-1.2万/月,5000.0,12000.0,学历要求：大专,大专
高中咨询主管,北京世纪承扬教育科技有限公司,北京-海淀区,北京,09-08,1.5-2万/月,15000.0,20000.0,学历要求：大专,大专
策划专员,北京隆泰祥房地产开发有限公司,异地招聘,,09-08,6-8千/月,6000.0,8000.0,学历要求：大专,大专
市场经理-北京,北京紫光得瑞科技有限公司,北京-昌平区,北京,09-08,2-2.5万/月,20000.0,25000.0,学历要求：本科,本科
Linux C开发工程师(J11913),北京天融信科技有限公司,北京,北京,09-08,1.5-2.5万/月,15000.0,25000.0,学历要求：本科,本科
库房管理员,北京航天卡迪技术开发研究所,北京-通州区,北京,09-08,4.5-6千/月,4500.0,6000.0,学历要求：中专,中专
项目经理（售前方向）,维度金融外包服务（苏州）有限公司,北京-西城区,北京,09-08,1.5-2万/月,15000.0,20000.0,学历要求：本科,本科
客服文员,北京福运盛达物流有限公司,北京,北京,09-08,4.5-6千/月,4500.0,6000.0,学历要求：高中,高中
康师傅 品牌专员 朝阳区 五险一金 13薪,天津顶益食品有限公司北京分公司,北京-朝阳区,北京,09-08,0.7-1.3万/月,7000.0,13000.0,学历要求：本科,本科
质量管理员,北京卓镭激光技术有限公司,北京-顺义区,北京,09-08,6-8千/月,6000.0,8000.0,学历要求：大专,大专
运营支持（保险）,上海科之锐人才咨询有限公司,北京-朝阳区,北京,09-08,5-7千/月,5000.0,7000.0,学历要求：大专,大专
（校招）产品经理,杭州东信北邮信息技术有限公司,北京,北京,09-08,0.5-1万/月,5000.0,10000.0,学历要求：本科,本科
UI设计师,北京森途教育科技股份有限公司,北京-海淀区,北京,09-08,0.8-1.5万/月,8000.0,15000.0,学历要求：本科,本科
机械结构工程师,光速视觉（北京）科技有限公司,北京-昌平区,北京,09-08,6-8千/月,6000.0,8000.0,学历要求：本科,本科
人事专员,观唐伟业投资集团有限公司,北京-密云区,北京,09-08,4.5-6千/月,4500.0,6000.0,学历要求：大专,大专
装配工（含电路板维修）,罗特尼克能源科技（北京）有限公司,北京-大兴区,北京,09-08,4-6千/月,4000.0,6000.0,学历要求：中技,中技
VL3576-高级平面设计师,凸版美林财经印刷有限公司,北京,北京,09-08,0.6-1万/月,6000.0,10000.0,学历要求：大专,大专
小学英语老师/家教/初中英语教师,掌门1对1,北京,北京,09-08,0.8-1万/月,8000.0,10000.0,学历要求：本科,本科
资深模拟IC设计工程师,仙童半导体技术（北京）有限公司,北京-海淀区,北京,09-08,40-50万/年,33333.333333333336,41666.666666666664,学历要求：硕士,硕士
销售代表,北京万隆和科技有限公司,北京-大兴区,北京,09-08,15-20万/年,12500.0,16666.666666666668,学历要求：本科,本科
销售助理,北京星期日户外用品有限公司,北京-丰台区,北京,09-08,5-8千/月,5000.0,8000.0,学历要求：本科,本科
专利法律技术文件翻译,北京北翔知识产权代理有限公司,北京-海淀区,北京,09-08,0.8-1万/月,8000.0,10000.0,学历要求：本科,本科
课程顾问,北京乐学一百在线教育科技有限公司,北京-海淀区,北京,09-08,0.8-1.5万/月,8000.0,15000.0,学历要求：大专,大专
人事专员,深圳市全民通控股集团有限公司,北京-海淀区,北京,09-08,6-8千/月,6000.0,8000.0,学历要求：大专,大专
电商美工,北京特普丽装饰装帧材料有限公司,北京-丰台区,北京,09-08,5-7千/月,5000.0,7000.0,学历要求：大专,大专
实施工程师（北京）,北京信普达系统工程有限公司,北京,北京,09-08,0.5-1万/月,5000.0,10000.0,学历要求：本科,本科
天猫运营经理,北京市仁爱教育研究所,北京,北京,09-08,0.8-1万/月,8000.0,10000.0,学历要求：大专,大专
金融MBA教育中心―招生助理,清华大学五道口金融学院,北京,北京,09-08,6-8千/月,6000.0,8000.0,学历要求：硕士,硕士
前端开发工程师,鸿讯供应链科技有限公司,北京-丰台区,北京,09-08,12-30万/年,10000.0,25000.0,学历要求：本科,本科
综合金融专员,平安金融理财营业部,北京-朝阳区,北京,09-08,1-2.5万/月,10000.0,25000.0,学历要求：本科,本科
业务管理岗（北京）,联储证券有限责任公司,北京-朝阳区,北京,09-08,1.2-2万/月,12000.0,20000.0,学历要求：本科,本科
商超KA经理-华北大区,恒洁集团,北京,北京,09-08,0.8-1万/月,8000.0,10000.0,学历要求：本科,本科
燕郊工作_天猫运营助理,广州途辉企业管理有限公司,异地招聘,,09-08,5-6千/月,5000.0,6000.0,学历要求：本科,本科
（高级）医学经理-上市前药物临床研究-非肿瘤血液领域,恒瑞医药-上海盛迪医药有限公司,北京-东城区,北京,09-08,1.5-3.5万/月,15000.0,35000.0,学历要求：硕士,硕士
高级文案策划,北京外国语大学网络教育学院,北京,北京,09-08,0.8-1万/月,8000.0,10000.0,学历要求：本科,本科
预算员,上海开纯洁净室技术工程有限公司,北京-海淀区,北京,09-08,0.6-1万/月,6000.0,10000.0,学历要求：大专,大专
实景演员,北京创绎互娱文化传媒有限公司,北京-朝阳区,北京,09-08,4.5-6千/月,4500.0,6000.0,学历要求：大专,大专
质检员,北京库尔科技有限公司,北京-房山区,北京,09-08,6-8千/月,6000.0,8000.0,学历要求：大专,大专
行政（外联）,北京达飞安评管理顾问有限公司,北京-朝阳区,北京,09-08,4.5-6千/月,4500.0,6000.0,学历要求：本科,本科
CAD绘图员,北京森淼天成环保科技有限公司,北京,北京,09-08,4.5-6千/月,4500.0,6000.0,学历要求：大专,大专
渠道经理（电商）,爱康集团,北京-朝阳区,北京,09-08,1-1.5万/月,10000.0,15000.0,学历要求：本科,本科
招生顾问/课程顾问,烟台海岸线网络科技有限公司,北京-丰台区,北京,09-08,4-8千/月,4000.0,8000.0,学历要求：大专,大专
家具店销售,北京杜玛壹家环境艺术设计有限公司,北京-朝阳区,北京,09-08,3.5-8千/月,3500.0,8000.0,学历要求：大专,大专
人事出纳专员,麦迪思（北京）医药技术有限公司,北京-东城区,北京,09-08,4-8千/月,4000.0,8000.0,学历要求：大专,大专
国际市场销售总监,广东博迈医疗器械有限公司,异地招聘,,09-08,3-5万/月,30000.0,50000.0,学历要求：本科,本科
茶艺师,北京张一元茶叶有限责任公司,北京,北京,09-08,3-5千/月,3000.0,5000.0,学历要求：高中,高中
协作咨询顾问,上海华彩管理咨询有限公司,北京-朝阳区,北京,09-08,0.6-1.2万/月,6000.0,12000.0,学历要求：硕士,硕士
急  二级建造师,北京宏大佳业装饰设计有限公司,北京-石景山区,北京,09-08,6-8千/月,6000.0,8000.0,学历要求：,
行政实习生,欧展国际货运（上海）有限公司北京货运代理分公司,北京-朝阳区,北京,09-08,2-3千/月,2000.0,3000.0,学历要求：本科,本科
人事薪资专员,上海中城卫保安服务集团有限公司北京分公司,北京-朝阳区,北京,09-08,5-6千/月,5000.0,6000.0,学历要求：大专,大专
大客户销售,中国电子器件工业有限公司,北京-石景山区,北京,09-08,0.8-1万/月,8000.0,10000.0,学历要求：大专,大专
人事行政专员,北京国环莱茵环保科技股份有限公司,北京-朝阳区,北京,09-08,5-8千/月,5000.0,8000.0,学历要求：大专,大专
销售工程师（北京）,广州市华粤行仪器有限公司,北京,北京,09-08,5-7千/月,5000.0,7000.0,学历要求：本科,本科
售前工程师（煤炭行业）（GY1lzb）(J11901),北京东方国信科技股份有限公司,北京,北京,09-08,1.2-2万/月,12000.0,20000.0,学历要求：本科,本科
1688推广专员,北京中圣煌通科技有限公司,北京-昌平区,北京,09-08,4-8千/月,4000.0,8000.0,学历要求：大专,大专
招聘主管,华图教育-总部,北京-海淀区,北京,09-08,0.7-1万/月,7000.0,10000.0,学历要求：本科,本科
司机,北京易道佑康中医科技有限公司,北京-通州区,北京,09-08,4-5千/月,4000.0,5000.0,学历要求：高中,高中
丰台区幼儿园教师,北京市朝阳区二十一世纪实验幼儿园,北京-丰台区,北京,09-08,4.5-6千/月,4500.0,6000.0,学历要求：大专,大专
审计专员（北京）,江河创建集团股份有限公司,北京-昌平区,北京,09-08,0.8-1万/月,8000.0,10000.0,学历要求：本科,本科
贷款电话销售包住宿,兆阳诚亿（北京）金融服务外包有限公司,北京-丰台区,北京,09-08,0.6-1.8万/月,6000.0,18000.0,学历要求：初中及以下,初中及以下
人事专员,广东方胜人力资源服务有限公司,北京-朝阳区,北京,09-08,5.5-6.5千/月,5500.0,6500.0,学历要求：大专,大专
VC++开发工程师,北京金浩林勘探技术有限公司,北京-海淀区,北京,09-08,0.7-1.1万/月,7000.0,11000.0,学历要求：大专,大专
招聘专员,北京中科江南信息技术股份有限公司,北京-海淀区,北京,09-08,0.7-1.2万/月,7000.0,12000.0,学历要求：本科,本科
城市经理（北京 年终奖 商业意外险补贴）,广东穗格氏食品科技有限公司,北京,北京,09-08,0.6-1万/月,6000.0,10000.0,学历要求：大专,大专
灌封工,汉唐树德教育科技（北京）有限公司,北京-延庆区,北京,09-08,3.5-4.5千/月,3500.0,4500.0,学历要求：高中,高中
区域销售经理,创正电气股份有限公司,异地招聘,,09-08,10-15万/年,8333.333333333334,12500.0,学历要求：大专,大专
业务助理,国冶富贵（北京）投资基金管理有限公司,北京-朝阳区,北京,09-08,5-8千/月,5000.0,8000.0,学历要求：大专,大专
实习生（业务部门）,北京大成律师事务所,北京-朝阳区,北京,09-08,200元/天,6000.0,6000.0,学历要求：本科,本科
包住上五险招普工,华威博奥电力设备有限公司,北京-通州区,北京,09-08,4.5-6千/月,4500.0,6000.0,学历要求：初中及以下,初中及以下
开发工程师（实习生）,北京长京益康信息科技有限公司,北京-朝阳区,北京,09-08,3-4.5千/月,3000.0,4500.0,学历要求：本科,本科
实习生,北京海峰科技有限责任公司,北京-西城区,北京,09-08,100元/天,3000.0,3000.0,学历要求：本科,本科
电商内容运营,天美健生物科技（北京）股份有限公司,北京-朝阳区,北京,09-08,0.8-1.2万/月,8000.0,12000.0,学历要求：大专,大专
装饰方案设计师（北京）,荣盛房地产发展股份有限公司,北京,北京,09-08,,,,学历要求：本科,本科
临床医学文章编辑 期刊写做作 待遇丰厚,北京鼎盛元泰医学研究有限公司,北京-大兴区,北京,09-08,600元/天,18000.0,18000.0,学历要求：硕士,硕士
施工现场管理,北京恒煜俊杰科贸有限公司,北京-东城区,北京,09-08,1.5千以下/月,0,0,学历要求：大专,大专
校招-机构客户经理-金融机构方向,东方财富信息股份有限公司,北京-朝阳区,北京,09-08,0.8-1.2万/月,8000.0,12000.0,学历要求：本科,本科
初中双语化学教师,天津黑利伯瑞精英国际学校,异地招聘,,09-08,0.9-1.2万/月,9000.0,12000.0,学历要求：本科,本科
行政人力主管/专员,宝石花家园投资管理有限公司,北京-海淀区,北京,09-08,0.8-1.2万/月,8000.0,12000.0,学历要求：本科,本科
医药代表,北京京慈生物科技股份有限公司,北京-朝阳区,北京,09-08,0.8-1万/月,8000.0,10000.0,学历要求：大专,大专
智能制造部经理,北京动力源创科技发展有限公司,北京-海淀区,北京,09-08,2.5-3万/月,25000.0,30000.0,学历要求：本科,本科
销售外勤,登顶巨峰企业管理咨询（北京）有限公司,北京-朝阳区,北京,09-08,6-8千/月,6000.0,8000.0,学历要求：,
知识产权专员,北京万维盈创科技发展有限公司,北京-昌平区,北京,09-08,0.6-1.2万/月,6000.0,12000.0,学历要求：本科,本科
技术文档管理员,南京睦泽信息科技有限公司,北京-丰台区,北京,09-08,5-8千/月,5000.0,8000.0,学历要求：大专,大专
项目经理,中电普瑞电力工程有限公司,北京-昌平区,北京,09-08,0.8-1.6万/月,8000.0,16000.0,学历要求：本科,本科
厨师,北京伟圣英电力工程安装有限公司,北京-昌平区,北京,09-08,4-4.5千/月,4000.0,4500.0,学历要求：,
客服在线销售顾问,中财企航（北京）企业管理有限公司,北京-朝阳区,北京,09-08,0.8-1万/月,8000.0,10000.0,学历要求：高中,高中
市场销售助理,北京睿研环学国际教育咨询有限公司,北京-朝阳区,北京,09-08,5-7千/月,5000.0,7000.0,学历要求：中专,中专
大客户总监,成都爱车保信息技术有限公司,北京,北京,09-08,2-2.5万/月,20000.0,25000.0,学历要求：本科,本科
National sales manager,法念食品贸易（深圳）有限公司,北京,北京,09-08,2.5-5万/月,25000.0,50000.0,学历要求：本科,本科
ETL资深开发岗,河南海融软件有限公司,北京-西城区,北京,09-08,1-1.5万/月,10000.0,15000.0,学历要求：本科,本科
区域销售经理,北京科大同创机电有限公司,北京-丰台区,北京,09-08,4-8千/月,4000.0,8000.0,学历要求：大专,大专
仓储物流专员,北京好乐买信息技术有限公司,北京-昌平区,北京,09-08,4-6千/月,4000.0,6000.0,学历要求：,
重组蛋白组实验助理,北京博奥森生物技术有限公司,北京,北京,09-08,4.5-6千/月,4500.0,6000.0,学历要求：,
律师,北京威诺律师事务所,北京-朝阳区,北京,09-08,1.5-2万/月,15000.0,20000.0,学历要求：本科,本科
客户经理,光明网传媒有限公司,北京,北京,09-08,1-3万/月,10000.0,30000.0,学历要求：本科,本科
烘焙课程推广,艾宝食烹饪技术咨询（上海）有限公司,北京-朝阳区,北京,09-08,200元/天,6000.0,6000.0,学历要求：大专,大专
大数据研发工程师,中驰车福互联科技（北京）有限公司,北京-海淀区,北京,09-08,1.5-2万/月,15000.0,20000.0,学历要求：本科,本科
猎头顾问+新人零基础培训+2020届,沃锐猎头机构,北京-朝阳区,北京,09-08,5-8千/月,5000.0,8000.0,学历要求：本科,本科
人力资源助理,北京光迅科技发展有限公司,北京-朝阳区,北京,09-08,6-8千/月,6000.0,8000.0,学历要求：大专,大专
商务助理兼司机,深圳市铁创科技发展有限公司,北京-西城区,北京,09-08,4-6.5千/月,4000.0,6500.0,学历要求：高中,高中
销售外勤,永立建机(中国)有限公司,异地招聘,,09-08,3-4千/月,3000.0,4000.0,学历要求：大专,大专
法务,深圳中顺易金融服务有限公司,北京-朝阳区,北京,09-08,1.2-1.6万/月,12000.0,16000.0,学历要求：本科,本科
商务主管/经理（销售BD职位）,SiQiBEST（思齐）,北京-海淀区,北京,09-08,15-30万/年,12500.0,25000.0,学历要求：大专,大专
8000急聘临床产品专员,武汉视博医疗器械有限责任公司,北京,北京,09-08,0.8-1万/月,8000.0,10000.0,学历要求：大专,大专
机械工程师,北京全欧光学检测仪器有限公司,北京-大兴区,北京,09-08,6-8千/月,6000.0,8000.0,学历要求：本科,本科
档案管理员,恒昌国际投资担保（北京）有限公司,北京,北京,09-08,6-8千/月,6000.0,8000.0,学历要求：,
高级钟表店-店铺主管,东方表行（中国）贸易有限公司,北京-朝阳区,北京,09-08,0.8-1万/月,8000.0,10000.0,学历要求：高中,高中
项目经理（有投行经验）,金汇国际投资基金管理（北京）有限公司,北京-朝阳区,北京,09-08,1.5-2万/月,15000.0,20000.0,学历要求：本科,本科
北京安检招聘,广州泰通信息咨询有限公司,北京-海淀区,北京,09-08,4.5-6千/月,4500.0,6000.0,学历要求：初中及以下,初中及以下
临床监查员/临床研究员/CRA（homebase包头）,君岳医药科技（上海）有限公司,异地招聘,,09-08,0.8-1万/月,8000.0,10000.0,学历要求：本科,本科
销售内勤（北京）,乖宝宠物食品集团股份有限公司,北京-通州区,北京,09-08,4-6千/月,4000.0,6000.0,学历要求：大专,大专
产品研发中心总经理,北京伟光汇通文旅商业运营管理公司,北京-朝阳区,北京,09-08,3-4万/月,30000.0,40000.0,学历要求：本科,本科
培训专员,北京世纪东方通讯设备有限公司,北京-大兴区,北京,09-08,4.5-6千/月,4500.0,6000.0,学历要求：大专,大专
金科HRBP+双休+五险一金,重庆巧实力商业管理有限公司,北京-昌平区,北京,09-08,6-8千/月,6000.0,8000.0,学历要求：大专,大专
Key Acconut  Manager 大客户经理,北京百麦食品加工有限公司,北京,北京,09-08,3-3.5万/月,30000.0,35000.0,学历要求：大专,大专
行政助理,优师优堂（北京）网络科技有限公司,北京-朝阳区,北京,09-08,4.5-6千/月,4500.0,6000.0,学历要求：本科,本科
公寓管家（宿舍项目）,魔方公寓,北京-朝阳区,北京,09-08,4-6千/月,4000.0,6000.0,学历要求：大专,大专
销售内勤,宁波江丰生物信息技术有限公司,异地招聘,,09-08,3.5-8千/月,3500.0,8000.0,学历要求：大专,大专
客户经理（营销类）（北京）,远东宏信普惠融资租赁（天津）有限公司,北京,北京,09-08,,,,学历要求：本科,本科
高级产品经理,中航金网（北京）电子商务有限公司,北京-大兴区,北京,09-08,2-3万/月,20000.0,30000.0,学历要求：本科,本科
招商顾问,百课时代（北京）科技有限公司,北京-通州区,北京,09-08,0.8-1万/月,8000.0,10000.0,学历要求：大专,大专
城镇规划设计研究院 实习生,中国建筑设计研究院有限公司,北京,北京,09-08,1-2千/月,1000.0,2000.0,学历要求：本科,本科
值班经理,北京香江财富酒店有限公司,北京-朝阳区,北京,09-08,6-8千/月,6000.0,8000.0,学历要求：大专,大专
用户运营主管/专员,碧江信息技术(广州)有限公司,北京-朝阳区,北京,09-08,0.8-1万/月,8000.0,10000.0,学历要求：本科,本科
网络工程师,紫光云数科技有限公司,北京,北京,09-08,1.2-1.5万/月,12000.0,15000.0,学历要求：本科,本科
前端开发工程师,北京石基大商信息技术有限公司,北京-朝阳区,北京,09-08,0.8-1万/月,8000.0,10000.0,学历要求：本科,本科
销售经理,北京富基融通信息技术有限公司,北京-朝阳区,北京,09-08,0.6-1.2万/月,6000.0,12000.0,学历要求：大专,大专
涉外专利代理师（生物化学）,北京银龙知识产权代理有限公司,北京-海淀区,北京,09-08,1.5-2万/月,15000.0,20000.0,学历要求：,
(底薪8k-10k) 大客户销售/销售工程师/医药销售,美国Selleck生物科技有限公司（中国分公司）,北京,北京,09-08,1-2万/月,10000.0,20000.0,学历要求：本科,本科
置业顾问,北京链家置地房地产经纪有限公司,北京-房山区,北京,09-08,0.6-1.2万/月,6000.0,12000.0,学历要求：本科,本科
护士,北京孙波口腔诊所,北京-海淀区,北京,09-08,0.5-1万/月,5000.0,10000.0,学历要求：中专,中专
审计专员,北新集团建材股份有限公司,北京-昌平区,北京,09-08,6-8千/月,6000.0,8000.0,学历要求：本科,本科
机械工程师,北京毅安峰技术有限公司,北京-石景山区,北京,09-08,4.5-6千/月,4500.0,6000.0,学历要求：本科,本科
总账会计,北京市源烽世纪商贸有限责任公司,北京-大兴区,北京,09-08,6-8千/月,6000.0,8000.0,学历要求：本科,本科
基金运营助理,北京恒牛创业投资管理有限公司,北京-朝阳区,北京,09-08,7-9千/月,7000.0,9000.0,学历要求：本科,本科
仓库管理员,北京天科合达半导体股份有限公司,北京-大兴区,北京,09-08,4-7千/月,4000.0,7000.0,学历要求：中专,中专
排放测试-实验室技师,上海福迈迪工程技术有限公司,北京-大兴区,北京,09-08,,,,学历要求：中专,中专
项目实施工程师,成都智胜三维应用技术有限责任公司,北京-东城区,北京,09-08,0.6-1万/月,6000.0,10000.0,学历要求：大专,大专
剪辑师,北京海纳世纪科技有限公司,北京-大兴区,北京,09-08,1.5-2万/月,15000.0,20000.0,学历要求：大专,大专
货车司机,北京一路平安汽车救援服务有限公司,北京-朝阳区,北京,09-08,0.8-1万/月,8000.0,10000.0,学历要求：初中及以下,初中及以下
运维工程师,中科软科技股份有限公司,北京-西城区,北京,09-08,7-9千/月,7000.0,9000.0,学历要求：大专,大专
售后助理,北京力创昕业科技发展有限公司,北京-朝阳区,北京,09-08,5-8千/月,5000.0,8000.0,学历要求：大专,大专
影片版权代理,北京晨梦飞扬文化传媒有限公司,北京-朝阳区,北京,09-08,0.5-2万/月,5000.0,20000.0,学历要求：,
门店导购,北京灵严广告有限公司,北京-通州区,北京,09-08,4-8千/月,4000.0,8000.0,学历要求：大专,大专
储备项目经理,上海佩业信息科技有限公司,北京,北京,09-08,0.8-1.2万/月,8000.0,12000.0,学历要求：大专,大专
市场专员,北大博雅控股集团有限公司,北京-昌平区,北京,09-08,6-8千/月,6000.0,8000.0,学历要求：大专,大专
人事行政专员,北京康普森生物技术有限公司,北京-昌平区,北京,09-08,6-9千/月,6000.0,9000.0,学历要求：本科,本科
工程项目资料员,中鼎盛唐集团有限公司,北京-丰台区,北京,09-08,6-8千/月,6000.0,8000.0,学历要求：大专,大专
播控工程师,人民数字科技产业有限公司,北京,北京,09-08,4-6千/月,4000.0,6000.0,学历要求：大专,大专
维修电工,北京长安大戏院有限公司,北京-东城区,北京,09-08,10-15万/年,8333.333333333334,12500.0,学历要求：,
***-保洁员,北京市长安律师事务所,北京-朝阳区,北京,09-08,30元/小时,0,0,学历要求：,
Associate Director,百济神州（北京）生物科技有限公司,北京,北京,09-08,,,,学历要求：,
环境检测工程师,广州禾信仪器股份有限公司,北京,北京,09-08,4.5-6千/月,4500.0,6000.0,学历要求：大专,大专
行政文秘,北京天时房地产开发有限公司,北京-昌平区,北京,09-08,6-8千/月,6000.0,8000.0,学历要求：本科,本科
网络推广专员,北京华彬天宏投资管理有限公司,北京-丰台区,北京,09-08,6-8千/月,6000.0,8000.0,学历要求：本科,本科
出纳,北京永乐国际拍卖有限公司,北京-朝阳区,北京,09-08,5-6.5千/月,5000.0,6500.0,学历要求：大专,大专
销售经理,南京普天天纪楼宇智能有限公司,北京-朝阳区,北京,09-08,3-6千/月,3000.0,6000.0,学历要求：大专,大专
发酵技术员,北京华信农威生物科技有限公司,北京-昌平区,北京,09-08,0.5-1万/月,5000.0,10000.0,学历要求：大专,大专
Python算法开发工程师,雷象科技（北京）有限公司,北京-海淀区,北京,09-08,1.5-2万/月,15000.0,20000.0,学历要求：本科,本科
出纳,北京昭德投资集团有限公司,北京-朝阳区,北京,09-08,5-6.5千/月,5000.0,6500.0,学历要求：大专,大专
FGFD Account Manager-北京,梅思安（中国）安全设备有限公司,北京-朝阳区,北京,09-08,0.5-1.5万/月,5000.0,15000.0,学历要求：大专,大专
售前技术支持工程师,北京鼎汉技术集团股份有限公司,北京-丰台区,北京,09-08,6-8千/月,6000.0,8000.0,学历要求：本科,本科
出纳兼行政,智动时代（北京）科技有限公司,北京-大兴区,北京,09-08,5-7千/月,5000.0,7000.0,学历要求：本科,本科
大客户经理,杭州大搜车汽车服务有限公司,异地招聘,,09-08,0.7-2万/月,7000.0,20000.0,学历要求：大专,大专
销售行政专员,天创恒达数字视频技术开发（北京）有限公司,北京-海淀区,北京,09-08,6-8千/月,6000.0,8000.0,学历要求：大专,大专
大客户经理,北京丽兹行房地产顾问有限公司-BJ13,北京-昌平区,北京,09-08,0.8-1万/月,8000.0,10000.0,学历要求：本科,本科
信息化部副经理,天圆全会计师事务所（特殊普通合伙）,北京-西城区,北京,09-08,20-25万/年,16666.666666666668,20833.333333333332,学历要求：本科,本科
招商经理,上海轩昶商务服务中心（有限合伙）,北京-西城区,北京,09-08,4.5-6千/月,4500.0,6000.0,学历要求：大专,大专
招聘主管,北京二咖传媒文化有限责任公司,北京-朝阳区,北京,09-08,7-9千/月,7000.0,9000.0,学历要求：本科,本科
软件销售,北京时代万维科技有限公司,北京-房山区,北京,09-08,0.4-1.4万/月,4000.0,14000.0,学历要求：大专,大专
植保技术专员,绿友机械集团股份有限公司,北京-顺义区,北京,09-08,6-8千/月,6000.0,8000.0,学历要求：本科,本科
文员,北京华富腾达运输有限公司,北京-大兴区,北京,09-08,3-4.5千/月,3000.0,4500.0,学历要求：,
生鲜超市急招分拣打包8K+,宁波姜虎东白丁餐饮有限公司,北京-朝阳区,北京,09-08,0.8-1万/月,8000.0,10000.0,学历要求：,
人事主管,北京锦荣同创集团有限公司,北京-大兴区,北京,09-08,1-1.5万/月,10000.0,15000.0,学历要求：本科,本科
Java开发工程师,上海湛域信息科技有限公司,北京-朝阳区,北京,09-08,1-1.5万/月,10000.0,15000.0,学历要求：本科,本科
无责8k招聘课程顾问,纳竹（上海）科技有限公司,北京-朝阳区,北京,09-08,1-1.5万/月,10000.0,15000.0,学历要求：大专,大专
临床项目经理（肿瘤项目）,四川百利天恒药业股份有限公司,北京-东城区,北京,09-08,30-50万/年,25000.0,41666.666666666664,学历要求：本科,本科
销售经理 除尘/脱硫 系统（上海/北京）,斐控环境工程（上海）有限公司,异地招聘,,09-08,1-1.5万/月,10000.0,15000.0,学历要求：本科,本科
人事专员,北京应天海乐科技发展有限公司,北京-海淀区,北京,09-08,6-8千/月,6000.0,8000.0,学历要求：本科,本科
人力资源实习生（北京）,广州山水比德设计股份有限公司,北京,北京,09-08,2-3千/月,2000.0,3000.0,学历要求：本科,本科
财务助理,北京恒诚信远税务师事务所有限公司,北京-朝阳区,北京,09-08,4.5-6千/月,4500.0,6000.0,学历要求：大专,大专
保险专员,北京联通隆福汽车销售服务有限公司,北京-海淀区,北京,09-08,6-8千/月,6000.0,8000.0,学历要求：,
销售顾问（北京）,得高健康家居有限公司,北京-海淀区,北京,09-08,20-30万/年,16666.666666666668,25000.0,学历要求：本科,本科
行政事务（文秘）,北京市房山新城投资有限责任公司,北京-房山区,北京,09-08,0.5-1万/月,5000.0,10000.0,学历要求：本科,本科
操作工,北京首冶磁性材料科技有限公司,北京-海淀区,北京,09-08,3.5-7千/月,3500.0,7000.0,学历要求：高中,高中
保险理财顾问,平安国际金融集团金融理财部,北京-朝阳区,北京,09-08,30-40万/年,25000.0,33333.333333333336,学历要求：本科,本科
私人财富管理师,平安国际金融集团金融理财部,北京-朝阳区,北京,09-08,40-50万/年,33333.333333333336,41666.666666666664,学历要求：本科,本科
BEGO-临床产品专员,上海松佰牙科器械有限公司,异地招聘,,09-08,1-1.5万/月,10000.0,15000.0,学历要求：大专,大专
高级售前工程师,深圳市瑞驰信息技术有限公司,北京-海淀区,北京,09-08,1.5-2.5万/月,15000.0,25000.0,学历要求：大专,大专
地铁安检员/实习生/安保/五险一金,广州宇宏企业管理有限公司,北京-延庆区,北京,09-08,6-8千/月,6000.0,8000.0,学历要求：,
公园安保员/安检员,北京和力恒信劳务派遣有限公司,北京-通州区,北京,09-08,4.5-6千/月,4500.0,6000.0,学历要求：初中及以下,初中及以下
刀具工程师,北京华北工机电设备有限公司,北京-大兴区,北京,09-08,0.8-1万/月,8000.0,10000.0,学历要求：大专,大专
大数据/AI课程讲师/教研员,青岛伟东云教育集团有限公司,北京-海淀区,北京,09-08,1.5-3万/月,15000.0,30000.0,学历要求：本科,本科
英文商务秘书,云隆瑞驰国际经贸（北京）有限公司,北京,北京,09-08,0.8-1万/月,8000.0,10000.0,学历要求：大专,大专
销售经理,北京香舍环境技术有限公司,北京-海淀区,北京,09-08,0.8-1万/月,8000.0,10000.0,学历要求：大专,大专
工程审计专员,北京崇德商贸有限公司,北京-西城区,北京,09-08,6-8千/月,6000.0,8000.0,学历要求：大专,大专
大客户经理,深圳市中芯供应链有限公司,异地招聘,,09-08,1.5-2万/月,15000.0,20000.0,学历要求：,
信息化工程师,北京天鸿同信科技有限公司,北京-朝阳区,北京,09-08,1.5-2万/月,15000.0,20000.0,学历要求：本科,本科
活动策划经理,智航利洋（北京）品牌管理有限公司,北京-朝阳区,北京,09-08,0.8-1万/月,8000.0,10000.0,学历要求：大专,大专
风险控制岗-风险管理业务,国元期货有限公司,北京,北京,09-08,7-9千/月,7000.0,9000.0,学历要求：本科,本科
库房管理,美高卡兰光电科技（北京）有限公司,北京-昌平区,北京,09-08,3-4.5千/月,3000.0,4500.0,学历要求：大专,大专
销售经理（铁路行业）,北京鼎兴达信息科技股份有限公司,北京,北京,09-08,1.5-2万/月,15000.0,20000.0,学历要求：本科,本科
医学经理,广州天鹏计算机科技有限公司,北京,北京,09-08,1.5-2.5万/月,15000.0,25000.0,学历要求：硕士,硕士
五险一金数据处理员,北京智库泉数据处理有限责任公司,北京-海淀区,北京,09-08,4.5-6千/月,4500.0,6000.0,学历要求：,
暖通设计,北京金房暖通节能技术股份有限公司,北京-海淀区,北京,09-08,6-8千/月,6000.0,8000.0,学历要求：大专,大专
高级平面设计师,赛诺特（北京）广告有限公司,北京,北京,09-08,1-1.5万/月,10000.0,15000.0,学历要求：本科,本科
挑战百万年薪 销售业务经理/大客户管理,北京丽兹行房地产顾问有限公司-BJ2,北京-朝阳区,北京,09-08,1-1.5万/月,10000.0,15000.0,学历要求：本科,本科
销售主管,雅居乐雅生活集团雅卓房地产营销公司,北京-朝阳区,北京,09-08,1-1.5万/月,10000.0,15000.0,学历要求：大专,大专
IC验证工程师,兆讯恒达微电子技术（北京）有限公司,北京,北京,09-08,1.4-2.4万/月,14000.0,24000.0,学历要求：本科,本科
油气井场地面建设等相关专业人员,北京东方石油设备有限公司,北京-昌平区,北京,09-08,6-8千/月,6000.0,8000.0,学历要求：本科,本科
线下渠道经理,上海镁信健康科技有限公司,北京-朝阳区,北京,09-08,1.5-2.5万/月,15000.0,25000.0,学历要求：本科,本科
大区法律事务岗,华润万象商业（深圳）有限公司华北分公司,北京-朝阳区,北京,09-08,1.5-2万/月,15000.0,20000.0,学历要求：本科,本科
行政前台-东单,世邦魏理仕,北京,北京,09-08,5-6.5千/月,5000.0,6500.0,学历要求：大专,大专
业务拓展主管,北京祺源嘉悦投资管理有限责任公司,北京-朝阳区,北京,09-08,20-30万/年,16666.666666666668,25000.0,学历要求：大专,大专
技术员,北京众邦瑞恒科技发展有限公司,北京-昌平区,北京,09-08,4.5-6千/月,4500.0,6000.0,学历要求：中专,中专
外贸业务员,北京家诚科技有限公司,北京-朝阳区,北京,09-08,4.5-6千/月,4500.0,6000.0,学历要求：大专,大专
园建工程师,北京世纪立成园林绿化工程有限公司,北京-朝阳区,北京,09-08,0.8-1万/月,8000.0,10000.0,学历要求：大专,大专
京东运营助理,北京舒伯乐科技有限公司,北京-大兴区,北京,09-08,6-8千/月,6000.0,8000.0,学历要求：,
客户经理,高威电信（广州）有限公司,北京,北京,09-08,0.8-1.2万/月,8000.0,12000.0,学历要求：大专,大专
车间技术员――北京,埃地沃兹贸易（上海）有限公司,北京,北京,09-08,4.5-6千/月,4500.0,6000.0,学历要求：初中及以下,初中及以下
国土空间规划技术员（工作地点：天津）,广东中地土地房地产评估与规划设计有限公司,异地招聘,,09-08,1.5-2万/月,15000.0,20000.0,学历要求：,
证券经纪,招商证券股份有限公司北京酒仙桥路证券营业部,北京-朝阳区,北京,09-08,3-4.5千/月,3000.0,4500.0,学历要求：大专,大专
商务专员（空运海运陆运）,深圳市世联国际货运代理有限公司,北京-朝阳区,北京,09-08,6-8千/月,6000.0,8000.0,学历要求：大专,大专
销售代表,北京永润宏达装饰工程有限公司,异地招聘,,09-08,4.5-6千/月,4500.0,6000.0,学历要求：大专,大专
总账会计,天闻数媒科技（湖南）有限公司,北京-西城区,北京,09-08,1-1.5万/月,10000.0,15000.0,学历要求：本科,本科
有机合成实验员,北京百灵威科技有限公司,北京-通州区,北京,09-08,4-7.5千/月,4000.0,7500.0,学历要求：大专,大专
项目综合主管,中国国际人才开发中心,北京-丰台区,北京,09-08,2-2.5万/月,20000.0,25000.0,学历要求：本科,本科
2004-28教科研督学,北京市商业学校,北京-昌平区,北京,09-08,0.8-1万/月,8000.0,10000.0,学历要求：硕士,硕士
工程项目经理,北京京雄消防安全系统有限公司,北京-朝阳区,北京,09-08,1.2-1.6万/月,12000.0,16000.0,学历要求：大专,大专
高级商务经理,你好现在（北京）科技股份有限公司,北京-西城区,北京,09-08,0.8-1万/月,8000.0,10000.0,学历要求：大专,大专
Python讲师,北京亦庄国际人力资源有限责任公司,北京-大兴区,北京,09-08,0.8-1.2万/月,8000.0,12000.0,学历要求：本科,本科
招聘专员,北京锐奇视讯科技有限公司,北京-朝阳区,北京,09-08,4-6千/月,4000.0,6000.0,学历要求：本科,本科
销售经理,易苹非颍ū本）教育科技有限公司,北京-朝阳区,北京,09-08,0.6-1.5万/月,6000.0,15000.0,学历要求：本科,本科
短视频运营,北京爱特卫普生物科技有限公司,北京-海淀区,北京,09-08,1-1.5万/月,10000.0,15000.0,学历要求：大专,大专
Foundry Sales,擎亚电子（上海）有限公司,北京-朝阳区,北京,09-08,10-15万/年,8333.333333333334,12500.0,学历要求：本科,本科
行政文员,沃尔玛（北京）商业零售有限公司亦庄山姆会员商店,北京,北京,09-08,,,,学历要求：中专,中专
医学经理（北京）,重庆复创医药研究有限公司,异地招聘,,09-08,20-35万/年,16666.666666666668,29166.666666666668,学历要求：硕士,硕士
分子生物技术员（北京）,长沙三济生物科技有限公司,北京-海淀区,北京,09-08,5-8千/月,5000.0,8000.0,学历要求：大专,大专
产品经理（医药行业）,北京钥云科技有限公司,北京,北京,09-08,1-2万/月,10000.0,20000.0,学历要求：本科,本科
行政助理,深圳市信锐网科技术有限公司,北京-西城区,北京,09-08,5-6千/月,5000.0,6000.0,学历要求：大专,大专
物业总经理助理,路劲地产北京公司,北京-大兴区,北京,09-08,0.8-1万/月,8000.0,10000.0,学历要求：本科,本科
工程销售经理,北京中天九阳照明器材有限公司,北京-通州区,北京,09-08,6-8千/月,6000.0,8000.0,学历要求：大专,大专
广告销售,太平洋电脑信息咨询有限公司北京分公司,北京-丰台区,北京,09-08,1-1.5万/月,10000.0,15000.0,学历要求：本科,本科
平面设计,英皇电影城（北京）有限公司,北京-朝阳区,北京,09-08,4.5-6千/月,4500.0,6000.0,学历要求：大专,大专
经管助理（集成2099）,北京南天软件有限公司,北京,北京,09-08,7-9千/月,7000.0,9000.0,学历要求：本科,本科
分公司经理,上海微谱化工技术服务有限公司,异地招聘,,09-08,3-4万/月,30000.0,40000.0,学历要求：本科,本科
人力资源总监,北京恒盛贷科技有限公司,北京-丰台区,北京,09-08,1.5千以下/月,0,0,学历要求：本科,本科
活动策划组织,亚洲阳光国际传媒有限公司,北京-海淀区,北京,09-08,0.8-1.5万/月,8000.0,15000.0,学历要求：本科,本科
大客户代表（京津翼）,深圳牙领科技有限公司,异地招聘,,09-08,0.8-1万/月,8000.0,10000.0,学历要求：本科,本科
私人银行投资顾问10155,宜信卓越财富投资管理（北京）有限公司,北京,北京,09-08,2.5-3万/月,25000.0,30000.0,学历要求：本科,本科
客服操作员,北京恒诚易达物流有限公司,北京-顺义区,北京,09-08,4-5千/月,4000.0,5000.0,学历要求：大专,大专
区域销售经理,北京铭博时创科技有限公司,北京-西城区,北京,09-08,0.5-2.5万/月,5000.0,25000.0,学历要求：大专,大专
销售BD经理/年薪30W+高福利,北京丽兹行房地产顾问有限公司-BJ10,北京-朝阳区,北京,09-08,1-1.5万/月,10000.0,15000.0,学历要求：本科,本科
生产操作工,北京海汇印务有限公司,北京-顺义区,北京,09-08,4.5-6千/月,4500.0,6000.0,学历要求：中专,中专
编导,天元中杰（北京）影视文化传媒有限公司,北京-朝阳区,北京,09-08,10-15万/年,8333.333333333334,12500.0,学历要求：大专,大专
市场营销经理,北京诺德律师事务所,北京-石景山区,北京,09-08,6-8千/月,6000.0,8000.0,学历要求：大专,大专
医药代表-------北京,北京隆盛华康医药科技有限公司,北京-丰台区,北京,09-08,0.4-2万/月,4000.0,20000.0,学历要求：大专,大专
电商运营主管,创世博莱（北京）科技发展有限公司,北京-通州区,北京,09-08,1-1.5万/月,10000.0,15000.0,学历要求：大专,大专
销售,北京金橙子科技股份有限公司,北京-顺义区,北京,09-08,4-8千/月,4000.0,8000.0,学历要求：大专,大专
销售专员,中采智联信息科技（北京）有限责任公司,北京,北京,09-08,6-8千/月,6000.0,8000.0,学历要求：本科,本科
税务会计（要求出口退税经验）,高拓讯达（北京）科技有限公司,北京-海淀区,北京,09-08,0.8-1.5万/月,8000.0,15000.0,学历要求：本科,本科
IT,北京瑞廷西郊酒店,北京-丰台区,北京,09-08,6-8千/月,6000.0,8000.0,学历要求：中专,中专
1投资经理 五险一金 六日双休,北京盛业华宝教育科技有限公司,北京-朝阳区,北京,09-08,0.8-1.5万/月,8000.0,15000.0,学历要求：,
华北大区经理,南京思聆医药科技有限公司,北京-东城区,北京,09-08,30-40万/年,25000.0,33333.333333333336,学历要求：大专,大专
生产主管/厂长,北京三业新材料有限公司,北京-大兴区,北京,09-08,1-1.5万/月,10000.0,15000.0,学历要求：大专,大专
工程助理,北京飞利信科技股份有限公司,北京-海淀区,北京,09-08,4-5千/月,4000.0,5000.0,学历要求：大专,大专
总经理助理,北京领先福聪医疗科技有限公司,北京-东城区,北京,09-08,0.8-1万/月,8000.0,10000.0,学历要求：大专,大专
高级临床稽查专员（QA）,北京达孜君合医药科技有限公司,北京-东城区,北京,09-08,1-1.5万/月,10000.0,15000.0,学历要求：大专,大专
链家/房产销售/置业顾问,北京链家置地房地产经纪有限公司-BJ077,北京-朝阳区,北京,09-08,1-1.5万/月,10000.0,15000.0,学历要求：本科,本科
学生活动部(课外课)专员/主管,北京市海嘉双语学校,北京,北京,09-08,0.5-1万/月,5000.0,10000.0,学历要求：本科,本科
科技服务销售经理（北京）,武汉迈特维尔生物科技有限公司,北京-海淀区,北京,09-08,4-8千/月,4000.0,8000.0,学历要求：本科,本科
华北区域销售负责人,深圳市嘉力乐食品有限公司,北京,北京,09-08,22-30万/年,18333.333333333332,25000.0,学历要求：大专,大专
客服经理,中化信息技术有限公司,北京-西城区,北京,09-08,1-1.5万/月,10000.0,15000.0,学历要求：本科,本科
医疗服务,北京瑞和翔达科技有限公司,北京-海淀区,北京,09-08,4.5-6千/月,4500.0,6000.0,学历要求：中专,中专
办公室综合文员H,深圳通联金融网络科技服务有限公司,北京-海淀区,北京,09-08,4.5-6千/月,4500.0,6000.0,学历要求：高中,高中
政策申报主管,北京洪泰盛世科技有限公司,北京-大兴区,北京,09-08,0.5-1万/月,5000.0,10000.0,学历要求：本科,本科
实习生,宏远控股集团,北京-顺义区,北京,09-08,2-3千/月,2000.0,3000.0,学历要求：本科,本科
保险内勤,北京嘉泽保险代理有限公司,北京-石景山区,北京,09-08,1-2万/月,10000.0,20000.0,学历要求：中专,中专
人事行政助理,北京国泰星云科技有限公司,北京-朝阳区,北京,09-08,5.5-6.5千/月,5500.0,6500.0,学历要求：大专,大专
财务报告/报表专员,康龙化成（北京）新药技术股份有限公司,北京-大兴区,北京,09-08,1.5-3万/月,15000.0,30000.0,学历要求：本科,本科
软件工程师,北京集智达智能科技有限责任公司,北京-昌平区,北京,09-08,1.5-2万/月,15000.0,20000.0,学历要求：本科,本科
行政专员,北京拉勾网络技术有限公司上海分公司,北京-海淀区,北京,09-08,6-8千/月,6000.0,8000.0,学历要求：本科,本科
销售专员,北京华光普泰生物技术有限公司,北京-海淀区,北京,09-08,5-8千/月,5000.0,8000.0,学历要求：大专,大专
运营专员,安信联合物流有限公司,北京-朝阳区,北京,09-08,8-10万/年,6666.666666666667,8333.333333333334,学历要求：大专,大专
中信银行95558呼入坐席待遇优厚,北京鸿联九五信息产业有限公司,北京-朝阳区,北京,09-08,5-8千/月,5000.0,8000.0,学历要求：大专,大专
省级销售经理,北京百鑫盛达信息科技有限公司,北京-通州区,北京,09-08,1-1.5万/月,10000.0,15000.0,学历要求：高中,高中
护士,北京迦华国际医疗科技有限公司,北京-朝阳区,北京,09-08,6-7千/月,6000.0,7000.0,学历要求：大专,大专
行政前台,北京理工雷科电子信息技术有限公司,北京-海淀区,北京,09-08,4-6千/月,4000.0,6000.0,学历要求：大专,大专
临床研究助理,海思科医药集团股份有限公司,北京,北京,09-08,5-8千/月,5000.0,8000.0,学历要求：本科,本科
Lianjia链家总部――客户代表/销售顾问/销售助理,北京链家置地房地产经纪有限公司-BJ050,北京,北京,09-08,6-8千/月,6000.0,8000.0,学历要求：本科,本科
销售工程师 (生命科学),安倍医疗器械贸易（上海）有限公司,北京,北京,09-08,20-30万/年,16666.666666666668,25000.0,学历要求：本科,本科
总经理助理,北京顺美服装股份有限公司,北京-顺义区,北京,09-08,4.5-6千/月,4500.0,6000.0,学历要求：大专,大专
销售经理/开启高品质生活/年薪30万,北京丽兹行房地产顾问有限公司-BJ9,北京-朝阳区,北京,09-08,1-1.5万/月,10000.0,15000.0,学历要求：本科,本科
省区销售代表,东莞家瑞康医疗科技有限公司,异地招聘,,09-08,0.5-1万/月,5000.0,10000.0,学历要求：大专,大专
新媒体运营,北京万华恒信信息技术有限公司,北京-朝阳区,北京,09-08,7-9千/月,7000.0,9000.0,学历要求：本科,本科
培训顾问/课程顾问,北京财智东方信息技术有限公司,北京-海淀区,北京,09-08,0.8-1万/月,8000.0,10000.0,学历要求：大专,大专
销售文员,上海农心食品有限公司,北京-朝阳区,北京,09-08,4.5-6千/月,4500.0,6000.0,学历要求：大专,大专
采购专员,北京明朝万达科技股份有限公司,北京-海淀区,北京,09-08,6-9千/月,6000.0,9000.0,学历要求：本科,本科
招生专员,凯博瑞智（北京）教育科技有限公司（皮尔逊教育局大中华区办公室）,北京-东城区,北京,09-08,6-8千/月,6000.0,8000.0,学历要求：大专,大专
写字楼租售,北京建瓴房地产经纪有限公司,北京-朝阳区,北京,09-08,1-1.5万/月,10000.0,15000.0,学历要求：大专,大专
客户经理/销售工程师,卡本复合材料（上海）有限公司,北京-朝阳区,北京,09-08,0.8-1.5万/月,8000.0,15000.0,学历要求：本科,本科
售前工程师(智慧工业),清投智能（北京）科技有限公司,北京-海淀区,北京,09-08,0.8-1.3万/月,8000.0,13000.0,学历要求：本科,本科
灯光音响工程师,浙江大丰实业股份有限公司,北京-朝阳区,北京,09-08,6-8千/月,6000.0,8000.0,学历要求：本科,本科
党群主管,上海金茂建筑装饰有限公司,北京-朝阳区,北京,09-08,,,,学历要求：本科,本科
财务经理Finance Manager,领展房地产咨询（上海）有限公司,北京-通州区,北京,09-08,1.5-2万/月,15000.0,20000.0,学历要求：本科,本科
电子生产测试实习生,北京迅为电子有限公司,北京-海淀区,北京,09-08,200元/天,6000.0,6000.0,学历要求：大专,大专
诚聘招商专员/销售代表,上海吾加吾生物科技有限公司,异地招聘,,09-08,0.4-1万/月,4000.0,10000.0,学历要求：,
平安保险代理人,平安综合金融理财北京营业部,北京-朝阳区,北京,09-08,40-50万/年,33333.333333333336,41666.666666666664,学历要求：本科,本科
区域销售经理(北京）,深圳优力可科技股份有限公司,北京,北京,09-08,1-1.5万/月,10000.0,15000.0,学历要求：大专,大专
维护工程师,北京金之盾信息技术有限公司,北京-海淀区,北京,09-08,0.7-1.4万/月,7000.0,14000.0,学历要求：本科,本科
K12高薪顾问老师,北京万木同才教育科技有限公司,北京-海淀区,北京,09-08,0.8-1万/月,8000.0,10000.0,学历要求：,
CRC-北京(J10425),丽珠医药集团股份有限公司,北京,北京,09-08,4.5-6千/月,4500.0,6000.0,学历要求：大专,大专
区域销售经理(政府行业),达观数据,北京,北京,09-08,2-3.5万/月,20000.0,35000.0,学历要求：本科,本科
科研助理,中国农业大学国家能源非粮生物质原料研发中心,北京-海淀区,北京,09-08,3-4.5千/月,3000.0,4500.0,学历要求：本科,本科
财务/劳资管理,北京诚志融晟资产管理公司,北京-海淀区,北京,09-08,0.8-1万/月,8000.0,10000.0,学历要求：本科,本科
北京中心规划师,上海博焘城市规划设计中心,北京-朝阳区,北京,09-08,1-1.5万/月,10000.0,15000.0,学历要求：本科,本科
PMO项目管理,东方微银科技（北京）有限公司,北京-海淀区,北京,09-08,1.3-2万/月,13000.0,20000.0,学历要求：本科,本科
烘焙研发师,北京小罐茶业有限公司,北京-朝阳区,北京,09-08,1-1.5万/月,10000.0,15000.0,学历要求：大专,大专
BMS工程师,骏玖电子科技（上海）有限公司,北京-顺义区,北京,09-08,1-1.5万/月,10000.0,15000.0,学历要求：大专,大专
电商收发货员,甘肃奇正实业集团有限公司,北京-大兴区,北京,09-08,4-6千/月,4000.0,6000.0,学历要求：中专,中专
硬件开发工程师,北京鼎普科技股份有限公司,北京,北京,09-08,1.4-2.2万/月,14000.0,22000.0,学历要求：本科,本科
市场推广经理,元码基因科技（北京）股份有限公司,北京-朝阳区,北京,09-08,1-1.5万/月,10000.0,15000.0,学历要求：本科,本科
造价员（土建、水暖、电气安装）,北京德基工程咨询有限责任公司,北京-丰台区,北京,09-08,0.8-1万/月,8000.0,10000.0,学历要求：大专,大专
研究员、交流部项目主管,北京大成企业研究院,北京-海淀区,北京,09-08,1.5-2万/月,15000.0,20000.0,学历要求：硕士,硕士
招聘专员,北京慧博融信科技有限公司,北京,北京,09-08,7-9千/月,7000.0,9000.0,学历要求：本科,本科
行政文员,北京渤东博土木工程有限公司,北京-朝阳区,北京,09-08,5-6千/月,5000.0,6000.0,学历要求：高中,高中
项目负责人（技术总工）,辽宁佳盛节能建材有限公司,异地招聘,,09-08,0.8-1万/月,8000.0,10000.0,学历要求：高中,高中
高压电工、焊工、维修工,定州市露洁化工有限公司,北京-门头沟区,北京,09-08,5-8千/月,5000.0,8000.0,学历要求：,
高级硬件工程师,北京时安科创仪器有限公司,北京-顺义区,北京,09-08,1.5-2万/月,15000.0,20000.0,学历要求：本科,本科
运营助理（可接受应届毕业生）,中国检验认证集团测试技术有限公司,北京-朝阳区,北京,09-08,0.8-1万/月,8000.0,10000.0,学历要求：本科,本科
配送司机（大兴）,北京迪安医学检验实验室有限公司,北京-大兴区,北京,09-08,4-6千/月,4000.0,6000.0,学历要求：高中,高中
客户执行,北京中诚宏远公关顾问有限公司,北京-朝阳区,北京,09-08,1-1.5万/月,10000.0,15000.0,学历要求：大专,大专
网络运维工程师,赛尔网络有限公司,北京-海淀区,北京,09-08,5-8千/月,5000.0,8000.0,学历要求：本科,本科
行政专员,现代财产保险（中国）有限公司,北京,北京,09-08,0.6-1万/月,6000.0,10000.0,学历要求：本科,本科
云计算openstack工程师,北京炎黄新星网络科技有限公司,北京-海淀区,北京,09-08,0.8-1.5万/月,8000.0,15000.0,学历要求：本科,本科
QA质量工程师,北京阿迈特医疗器械有限公司,北京-大兴区,北京,09-08,1-1.5万/月,10000.0,15000.0,学历要求：大专,大专
展览业务拓展,北京卓美展览装饰工程有限公司,北京-朝阳区,北京,09-08,0.5-1.2万/月,5000.0,12000.0,学历要求：大专,大专
美容导师（双休、出差少）,欧华美科北投（天津）医学科技有限公司,北京-东城区,北京,09-08,0.7-1万/月,7000.0,10000.0,学历要求：,
急聘护士/护师,北京天健医院有限公司,北京-海淀区,北京,09-08,4.5-6千/月,4500.0,6000.0,学历要求：中专,中专
喷绘师,北京国际度假区有限公司,北京-通州区,北京,09-08,0.8-1万/月,8000.0,10000.0,学历要求：,
北京营业部-市场开发岗,建信期货有限责任公司,北京-西城区,北京,09-08,8-10万/年,6666.666666666667,8333.333333333334,学历要求：本科,本科
市场拓展总监,三狮国际实业有限公司,北京-朝阳区,北京,09-08,1.5-3万/月,15000.0,30000.0,学历要求：大专,大专
豪宅顾问/底薪7.5k-9K+提成/1对1师徒制,北京丽兹行房地产顾问有限公司-BJ3,北京-海淀区,北京,09-08,1-1.5万/月,10000.0,15000.0,学历要求：本科,本科
互联网产品经理,易大宗（北京）供应链管理有限公司,北京-东城区,北京,09-08,1.5-2.5万/月,15000.0,25000.0,学历要求：本科,本科
Field Application Engineer-MCU,艾睿（中国）电子贸易有限公司,北京-朝阳区,北京,09-08,1-1.8万/月,10000.0,18000.0,学历要求：大专,大专
信息助理,北京未来移动通信论坛管理有限责任公司,北京,北京,09-08,4-6千/月,4000.0,6000.0,学历要求：本科,本科
销售主管,北京富邦融信国际贸易有限公司,北京-朝阳区,北京,09-08,6-8千/月,6000.0,8000.0,学历要求：大专,大专
海外市场项目经理,北京航天嘉诚精密科技发展有限公司,北京-大兴区,北京,09-08,1.5-2万/月,15000.0,20000.0,学历要求：本科,本科
施工现场管理--水电工长,北京长恒建设工程有限公司,北京-大兴区,北京,09-08,0.6-1万/月,6000.0,10000.0,学历要求：大专,大专
生物学科编辑/质检员,北京世纪鼎尖教育图书有限公司,北京-海淀区,北京,09-08,6-8千/月,6000.0,8000.0,学历要求：,
市场专员,北京中建协认证中心有限公司,北京,北京,09-08,5-6千/月,5000.0,6000.0,学历要求：本科,本科
Web前端开发工程师,上海睿民互联网科技有限公司,北京-顺义区,北京,09-08,0.9-1.4万/月,9000.0,14000.0,学历要求：本科,本科
规划设计咨询实习生,赞同科技股份有限公司,北京-朝阳区,北京,09-08,4.5-6千/月,4500.0,6000.0,学历要求：硕士,硕士
中高级java开发工程师（银行驻场）(J10803),亚联(天津)信息技术有限责任公司北京分公司,北京,北京,09-08,1.3-2万/月,13000.0,20000.0,学历要求：本科,本科
市场总监,北京首创期货有限责任公司,北京-朝阳区,北京,09-08,0.8-1万/月,8000.0,10000.0,学历要求：本科,本科
资管项目经理助理（北京）,西部证券股份有限公司,北京,北京,09-08,,,,学历要求：硕士,硕士
项目经理,北京道亨时代科技有限公司,北京-朝阳区,北京,09-08,1.2-1.8万/月,12000.0,18000.0,学历要求：本科,本科
主版师,优诺（天津）服装有限公司,异地招聘,,09-08,1.5-2万/月,15000.0,20000.0,学历要求：中技,中技
培训讲师,北京瑞贝恩国际科技发展有限公司,北京-朝阳区,北京,09-08,4.5-6千/月,4500.0,6000.0,学历要求：大专,大专
公司直招行政文员助理,丰元弘聚（北京）教育科技有限公司,北京-石景山区,北京,09-08,3.5-5千/月,3500.0,5000.0,学历要求：中专,中专
药品市场推广经理-北京,石家庄以岭药业股份有限公司,北京,北京,09-08,1-1.5万/月,10000.0,15000.0,学历要求：本科,本科
wholesale operation,薪得付信息技术（上海）有限公司,北京-朝阳区,北京,09-08,0.8-1万/月,8000.0,10000.0,学历要求：本科,本科
中药调剂员,北京金崇光药业有限公司,北京-石景山区,北京,09-08,3.5-4千/月,3500.0,4000.0,学历要求：,
统招二本/销售BD经理/业务拓展经理,北京丽兹行房地产顾问有限公司-BJ5,北京,北京,09-08,1-1.5万/月,10000.0,15000.0,学历要求：本科,本科
工程投影机/会议摄像机销售经理,北京宝晶汇通科技有限公司,北京-朝阳区,北京,09-08,0.5-1万/月,5000.0,10000.0,学历要求：高中,高中
外企行政前台,艾克商务服务（上海）有限公司,北京-朝阳区,北京,09-08,6-8千/月,6000.0,8000.0,学历要求：,
行政接待,海澜智云科技有限公司,北京-东城区,北京,09-08,10-15万/年,8333.333333333334,12500.0,学历要求：大专,大专
虚拟化工程师,正联（北京）网络技术有限责任公司,北京-海淀区,北京,09-08,6-8千/月,6000.0,8000.0,学历要求：本科,本科
设备维修员（需倒班）,北京博泽汽车部件有限公司,北京-大兴区,北京,09-08,0.6-1万/月,6000.0,10000.0,学历要求：大专,大专
项目专员,北京东方慧博劳务派遣有限公司,北京-朝阳区,北京,09-08,4.5-6千/月,4500.0,6000.0,学历要求：本科,本科
管理培训生,北京环六环环保科技有限公司,北京-昌平区,北京,09-08,3-4.5千/月,3000.0,4500.0,学历要求：本科,本科
OPPO超级旗舰店店员,深圳市亿加通信科技有限公司,北京,北京,09-08,6-9千/月,6000.0,9000.0,学历要求：大专,大专
销售专员,北京赤隆生物科技有限公司,北京-海淀区,北京,09-08,6-8千/月,6000.0,8000.0,学历要求：大专,大专
销售代表,天津宏芯门窗有限公司,北京,北京,09-08,6-8千/月,6000.0,8000.0,学历要求：中专,中专
社区垃圾分类业务员,百源和创（北京）科技有限公司,异地招聘,,09-08,6-8千/月,6000.0,8000.0,学历要求：高中,高中
高级稽查专员（Senior Auditor）,杭州泰格医药科技股份有限公司,北京-朝阳区,北京,09-08,1-1.5万/月,10000.0,15000.0,学历要求：本科,本科
国际幼儿园招生老师,北京华盛融达人力资源服务有限公司,北京,北京,09-08,4.5-6千/月,4500.0,6000.0,学历要求：大专,大专
销售代表-终端,山东良福制药有限公司,北京,北京,09-08,5-8千/月,5000.0,8000.0,学历要求：中专,中专
微生物检验员(J12190),北京泰德制药股份有限公司,北京,北京,09-08,6-8千/月,6000.0,8000.0,学历要求：本科,本科
KA销售代表,北京创意生活经贸有限责任公司,北京,北京,09-08,6-8千/月,6000.0,8000.0,学历要求：大专,大专
前端开发工程师,华付云技术（深圳）有限公司,北京-海淀区,北京,09-08,1.3-1.5万/月,13000.0,15000.0,学历要求：大专,大专
售后支持,北京好修养科技有限公司,北京-朝阳区,北京,09-08,0.8-1万/月,8000.0,10000.0,学历要求：大专,大专
行政前台-北京-01348,任子行网络技术股份有限公司,北京-海淀区,北京,09-08,6-8千/月,6000.0,8000.0,学历要求：大专,大专
图书发行经理/电商渠道图书发行,上海挚信文化传播有限责任公司,北京-朝阳区,北京,09-08,15-20万/年,12500.0,16666.666666666668,学历要求：本科,本科
礼宾专员,北京高斓汉威物业管理有限公司,北京-丰台区,北京,09-08,4-4.5千/月,4000.0,4500.0,学历要求：大专,大专
总账会计,深圳市星银医药有限公司,北京-东城区,北京,09-08,0.8-1万/月,8000.0,10000.0,学历要求：大专,大专
销售工程师,中航天辰（北京）自动化技术有限公司,北京-通州区,北京,09-08,0.4-1万/月,4000.0,10000.0,学历要求：大专,大专
医药电商渠道总监,卓聘网络科技（天津）有限公司,北京-朝阳区,北京,09-08,1-1.5万/月,10000.0,15000.0,学历要求：本科,本科
商务助理,北京东方皓峰科技有限公司,北京-朝阳区,北京,09-08,3.5-5.5千/月,3500.0,5500.0,学历要求：大专,大专
国联操作员（俄语）,上海铁洋多式联运有限公司Shanghai Tie Yang Multi Modal Transportation Co.Ltd,北京-西城区,北京,09-08,5-7千/月,5000.0,7000.0,学历要求：本科,本科
行政助理,广州光阴故事广告有限公司,北京-丰台区,北京,09-08,4.5-6千/月,4500.0,6000.0,学历要求：大专,大专
铁路信号系统高级评估员(北京),TUV Nord China 杭州汉德质量认证服务有限公司,北京,北京,09-08,1.5-2万/月,15000.0,20000.0,学历要求：本科,本科
施工现场管理,北京云帆时代科技有限公司,北京-房山区,北京,09-08,0.5-1万/月,5000.0,10000.0,学历要求：大专,大专
行政前台/文员,水清木华国际投资（北京）有限公司,北京-朝阳区,北京,09-08,4.5-6千/月,4500.0,6000.0,学历要求：大专,大专
前台,北京信利恒丰科技发展有限公司,北京,北京,09-08,4-6千/月,4000.0,6000.0,学历要求：大专,大专
儿童插画师、美编,北京东方华亚文化交流中心,北京,北京,09-08,6-8千/月,6000.0,8000.0,学历要求：大专,大专
Java开发工程师,北京优捷信达信息科技有限公司,北京-朝阳区,北京,09-08,0.8-1.3万/月,8000.0,13000.0,学历要求：本科,本科
调试工程师,首安工业消防有限公司,北京,北京,09-08,4.5-6千/月,4500.0,6000.0,学历要求：大专,大专
售前技术支持工程师,北京中科华星科贸有限公司,北京-海淀区,北京,09-08,0.6-1.5万/月,6000.0,15000.0,学历要求：本科,本科
商标代理人助理,北京东方天健知识产权代理有限公司,北京-东城区,北京,09-08,6-8千/月,6000.0,8000.0,学历要求：本科,本科
招商主管,智慧平台（北京）网络技术有限公司,北京-海淀区,北京,09-08,0.5-1.2万/月,5000.0,12000.0,学历要求：,
营销代表/统招本科/不限专业/7.5-9k+提成/系统培训,北京丽兹行房地产顾问有限公司-BJ14,北京-东城区,北京,09-08,1-1.5万/月,10000.0,15000.0,学历要求：本科,本科
大客户销售（口腔、齿科）,广东月牙医疗科技有限公司,北京,北京,09-08,0.5-1.5万/月,5000.0,15000.0,学历要求：大专,大专
中药调剂员,北京三溪堂中医诊所有限公司,北京-朝阳区,北京,09-08,4.5-6千/月,4500.0,6000.0,学历要求：中专,中专
711便利店（东直门/三元桥）附近招聘小时工,柒一拾壹（北京）有限公司,北京-东城区,北京,09-08,24元/小时,0,0,学历要求：,
生产操作工（组装）,北京世纪联保消防新技术股份有限公司,北京-大兴区,北京,09-08,4-6千/月,4000.0,6000.0,学历要求：中技,中技
实验员,祺兴生物工程技术（北京）有限公司,北京-通州区,北京,09-08,4-5千/月,4000.0,5000.0,学历要求：本科,本科
对外汉语老师 香江 裕京 龙湾等（顺义）,北京市朝阳区桥汉语言培训学校,北京-朝阳区,北京,09-08,4.5-6千/月,4500.0,6000.0,学历要求：大专,大专
大客户经理（北京）,牧童集团（广东）实业有限公司,北京-朝阳区,北京,09-08,1-1.5万/月,10000.0,15000.0,学历要求：大专,大专
测试工程师,清能德创电气技术（北京）有限公司,北京-丰台区,北京,09-08,6-8千/月,6000.0,8000.0,学历要求：大专,大专
Java中高级开发工程师,北京油源恒业科技有限公司,北京-昌平区,北京,09-08,1-1.5万/月,10000.0,15000.0,学历要求：本科,本科
行政司机 （不抽烟）,金仕生物科技（常熟）有限公司,北京,北京,09-08,4.5-8千/月,4500.0,8000.0,学历要求：,
平台支撑工程师,北京海泰瑞德科技发展有限公司,北京-海淀区,北京,09-08,1-1.5万/月,10000.0,15000.0,学历要求：本科,本科
活动执行,北京市喜隆多购物中心有限公司时尚奥莱分公司,北京-石景山区,北京,09-08,4.5-6千/月,4500.0,6000.0,学历要求：大专,大专
急招店长/副店 做一休一,浙江春风纺织集团有限公司,北京-朝阳区,北京,09-08,0.7-1万/月,7000.0,10000.0,学历要求：,
2021届管培生―光芒生（海外毕业生）,蓝光发展杭州公司,异地招聘,,09-08,1.5-2万/月,15000.0,20000.0,学历要求：本科,本科
会服前台,北京银拓物业管理有限责任公司,北京-东城区,北京,09-08,4-5千/月,4000.0,5000.0,学历要求：高中,高中
财务会计主管,四川航天天盛实业有限公司北京物业管理分公司,北京-海淀区,北京,09-08,8-10万/年,6666.666666666667,8333.333333333334,学历要求：本科,本科
QA（医疗类）,北京安信乐布医疗用品有限公司,北京,北京,09-08,0.8-1.1万/月,8000.0,11000.0,学历要求：本科,本科
销售,凯必盛集团,北京-石景山区,北京,09-08,0.5-1万/月,5000.0,10000.0,学历要求：大专,大专
人事行政主管,北京安馨在家健康科技有限公司,北京-海淀区,北京,09-08,6-8千/月,6000.0,8000.0,学历要求：本科,本科
销售助理,上海盛世大联汽车服务有限公司,北京,北京,09-08,0.8-1.5万/月,8000.0,15000.0,学历要求：大专,大专
急聘金融网络销售,开拓汇银（天津）商贸有限公司,北京-通州区,北京,09-08,6-8千/月,6000.0,8000.0,学历要求：高中,高中
销售代表,北京宝苑房地产开发有限公司,北京,北京,09-08,0.8-4万/月,8000.0,40000.0,学历要求：大专,大专
招聘专员,国信蓝桥教育科技（北京）股份有限公司,北京-大兴区,北京,09-08,6-8千/月,6000.0,8000.0,学历要求：本科,本科
销售经理,深圳市博联达电气设备有限公司,北京,北京,09-08,1-2万/月,10000.0,20000.0,学历要求：本科,本科
会计岗,北京九州通医疗器械有限公司,北京-大兴区,北京,09-08,3-4.5千/月,3000.0,4500.0,学历要求：中专,中专
实习生2020SXYF05,中国信息通信研究院,北京-海淀区,北京,09-08,120元/天,3600.0,3600.0,学历要求：大专,大专
海外房产总裁助理,亨瑞国际咨询集团,北京-朝阳区,北京,09-08,1-2万/月,10000.0,20000.0,学历要求：,
投资总监/经理,北京乾丰天成资产管理有限公司,北京,北京,09-08,1-2万/月,10000.0,20000.0,学历要求：本科,本科
策划运营经理,威卢克斯（中国）有限公司,异地招聘,,09-08,1-1.2万/月,10000.0,12000.0,学历要求：本科,本科
产品开发高级工程师,北京聚原科技有限公司,北京-房山区,北京,09-08,1.5-2.5万/月,15000.0,25000.0,学历要求：本科,本科
销售管理培训生,北京链家置地房地产经纪有限公司-BJ159,北京-丰台区,北京,09-08,0.8-1.5万/月,8000.0,15000.0,学历要求：本科,本科
导购员/促销员（超市发双榆树店）,极睿咖啡（北京）有限公司,北京-海淀区,北京,09-08,3-4.5千/月,3000.0,4500.0,学历要求：,
电气工程师,北京中冶力和科技有限公司,北京-大兴区,北京,09-08,0.5-1.1万/月,5000.0,11000.0,学历要求：大专,大专
饭店开业急聘厨师主厨,北京福地展景物业管理有限公司,北京-昌平区,北京,09-08,6-8千/月,6000.0,8000.0,学历要求：,
区域职能-客服经理,中骏世邦泰和北京,北京,北京,09-08,1.5-2万/月,15000.0,20000.0,学历要求：大专,大专
服务员,北京中商无界商务服务有限公司,北京-朝阳区,北京,09-08,4.5-6千/月,4500.0,6000.0,学历要求：初中及以下,初中及以下
客户专员 销售专员,方纳企业管理咨询（广州）有限公司,北京-东城区,北京,09-08,0.6-1万/月,6000.0,10000.0,学历要求：,
外延设备工程师（泉州上班）,福建慧芯激光科技有限公司,异地招聘,,09-08,0.8-1.5万/月,8000.0,15000.0,学历要求：大专,大专
财务出纳,凯撒名尊国际酒业（北京）有限公司,北京-丰台区,北京,09-08,5-6千/月,5000.0,6000.0,学历要求：大专,大专
市场工程师(J10198),北京四方继保自动化股份有限公司,北京-海淀区,北京,09-08,0.8-2万/月,8000.0,20000.0,学历要求：本科,本科
专职钢琴老师,乐艺霏霏（北京）教育科技有限公司,北京-海淀区,北京,09-08,0.6-1.2万/月,6000.0,12000.0,学历要求：大专,大专
销售经理,北京威锐达测控系统有限公司,北京-西城区,北京,09-08,6-8千/月,6000.0,8000.0,学历要求：大专,大专
前台receptionist,帝财（香港）有限公司北京代表处,北京-朝阳区,北京,09-08,6-8千/月,6000.0,8000.0,学历要求：大专,大专
招商经理（药品）,北京光辉力成医药有限公司,北京-大兴区,北京,09-08,0.6-1万/月,6000.0,10000.0,学历要求：本科,本科
行政文员/前台/英语好/实习生/勤工助学,爱协林热处理系统（北京）有限公司,北京-昌平区,北京,09-08,100元/天,3000.0,3000.0,学历要求：大专,大专
仓库管理员,上海鸿满贸易有限公司,北京-朝阳区,北京,09-08,4.5-5.5千/月,4500.0,5500.0,学历要求：,
销售工程师,北京碧海舟腐蚀防护工业股份有限公司,北京,北京,09-08,1-1.5万/月,10000.0,15000.0,学历要求：本科,本科
Junior Market Manager 初级销售经理,赫曼米勒（东莞）家具有限公司,异地招聘,,09-08,15-20万/年,12500.0,16666.666666666668,学历要求：大专,大专
试剂研发工程师,北京爱普益生物科技有限公司,北京,北京,09-08,0.7-1.5万/月,7000.0,15000.0,学历要求：本科,本科
出纳,北京信宇科创科技有限公司,北京-海淀区,北京,09-08,6-8千/月,6000.0,8000.0,学历要求：本科,本科
总经理助理（急聘）,北京吉峰新能源投资管理有限公司,北京-丰台区,北京,09-08,1-1.5万/月,10000.0,15000.0,学历要求：本科,本科
数据分析师 (MJ001325),曙光信息产业股份有限公司,北京-海淀区,北京,09-08,1-2万/月,10000.0,20000.0,学历要求：本科,本科
Web前端工程师,柒贰零（北京）健康科技有限公司,北京-海淀区,北京,09-08,1-2万/月,10000.0,20000.0,学历要求：本科,本科
销售代表,北京世纪平安汽车租赁股份有限公司,北京-朝阳区,北京,09-08,0.6-1万/月,6000.0,10000.0,学历要求：大专,大专
奢侈品销售,美勋商贸（北京）有限公司,北京-东城区,北京,09-08,0.8-1.6万/月,8000.0,16000.0,学历要求：大专,大专
大客户销售经理（三方业务）,欧菲斯办公伙伴（上海）商贸有限公司,北京-朝阳区,北京,09-08,1-1.5万/月,10000.0,15000.0,学历要求：大专,大专
销售工程师,北京爱瑞卡热力技术有限公司,北京-海淀区,北京,09-08,4.5-6千/月,4500.0,6000.0,学历要求：中专,中专
软件开发工程师,北京大黄猫知识产权服务有限公司,北京-朝阳区,北京,09-08,1.5-2万/月,15000.0,20000.0,学历要求：硕士,硕士
企业微信客户代表（无需经验、专业培训、丰厚奖励,腾讯企业产品北京服务中心,北京,北京,09-08,0.6-1.2万/月,6000.0,12000.0,学历要求：大专,大专
政府项目主管,北京凌云光技术集团有限责任公司,北京-海淀区,北京,09-08,1.5-2万/月,15000.0,20000.0,学历要求：本科,本科
业务拓展经理,易居企业（中国）集团有限公司,北京-丰台区,北京,09-08,1-2万/月,10000.0,20000.0,学历要求：本科,本科
普工管三餐日结,北京古亭技术有限公司,北京-昌平区,北京,09-08,3-4.5千/月,3000.0,4500.0,学历要求：,
会计主管,鸿陆华国际货运代理（北京）有限公司,北京-大兴区,北京,09-08,6-8千/月,6000.0,8000.0,学历要求：大专,大专
室内设计师助理,北京北都国际装饰工程设计有限公司,北京-朝阳区,北京,09-08,0.5-1万/月,5000.0,10000.0,学历要求：大专,大专
新媒体文案策划,北京太格广告股份有限公司,北京-海淀区,北京,09-08,0.6-1.2万/月,6000.0,12000.0,学历要求：大专,大专
续费班主任,北京大生知行科技有限公司,北京-海淀区,北京,09-08,1-1.5万/月,10000.0,15000.0,学历要求：大专,大专
OEM产品主管/经理,北京乐友达康科技有限公司,北京,北京,09-08,1.5-2万/月,15000.0,20000.0,学历要求：本科,本科
客户经理,上海博阳精讯信息科技有限公司,北京-石景山区,北京,09-08,1-2万/月,10000.0,20000.0,学历要求：本科,本科
金融外汇数据分析,北京融汇天诚投资管理有限公司,北京-朝阳区,北京,09-08,2-3万/月,20000.0,30000.0,学历要求：大专,大专
物流项目销售 project sales,俄溢国际物流（上海）有限公司,北京-朝阳区,北京,09-08,2-2.2万/月,20000.0,22000.0,学历要求：本科,本科
医药专业实习生,北京海瑞沛康信息技术有限公司,北京-通州区,北京,09-08,4.5-6千/月,4500.0,6000.0,学历要求：本科,本科
行政文员,康信时代（北京）科技有限公司,北京-丰台区,北京,09-08,3-4.5千/月,3000.0,4500.0,学历要求：高中,高中
工程主管（写字楼）,合生商业经营管理有限公司,北京-西城区,北京,09-08,0.8-1万/月,8000.0,10000.0,学历要求：大专,大专
外贸经理,普迈德（北京）科技有限公司,北京-昌平区,北京,09-08,0.6-1.2万/月,6000.0,12000.0,学历要求：本科,本科
客户维护 店面运营 线上线下销售,北京链家置地房地产经纪有限公司-BJ220,北京-丰台区,北京,09-08,2-2.5万/月,20000.0,25000.0,学历要求：本科,本科
质量体系工程师,有研亿金新材料有限公司,北京-昌平区,北京,09-08,5-8千/月,5000.0,8000.0,学历要求：大专,大专
销售经理（服装设计及加工）,泰睿（北京）技术服务有限公司,北京-海淀区,北京,09-08,0.8-1万/月,8000.0,10000.0,学历要求：大专,大专
项目主管（物流，北京）,上海远茂企业发展股份有限公司,北京-顺义区,北京,09-08,6-7千/月,6000.0,7000.0,学历要求：大专,大专
法规注册（偏CER),能盛（上海）医疗器械科技咨询有限公司,北京-朝阳区,北京,09-08,1-2.5万/月,10000.0,25000.0,学历要求：本科,本科
商务拓展专员,汇群科电技术（深圳）有限公司,北京-朝阳区,北京,09-08,0.8-1万/月,8000.0,10000.0,学历要求：大专,大专
电气施工员,华城国信（北京）工程技术有限公司,北京-大兴区,北京,09-08,0.8-1万/月,8000.0,10000.0,学历要求：本科,本科
仓库管理员,上海华饮贸易有限公司,北京-朝阳区,北京,09-08,6-8千/月,6000.0,8000.0,学历要求：高中,高中
系统运维工程师,新湖财富投资管理有限公司,北京-朝阳区,北京,09-08,1-1.5万/月,10000.0,15000.0,学历要求：本科,本科
通信工程师,北京顺捷兴宏工程设计咨询有限公司,北京-丰台区,北京,09-08,0.8-1万/月,8000.0,10000.0,学历要求：本科,本科
GIS开发工程师,北京思特奇信息技术股份有限公司,北京,北京,09-08,1.5-2.4万/月,15000.0,24000.0,学历要求：本科,本科
加入万车达集团客服团队,北京万车达汽车科技有限公司,北京-朝阳区,北京,09-08,1-2万/月,10000.0,20000.0,学历要求：中专,中专
研发中心文员,北京科力华安地质灾害监测技术有限公司,北京-丰台区,北京,09-08,0.8-1万/月,8000.0,10000.0,学历要求：本科,本科
销售助理,香港捷荣科技集团有限公司上海代表处,北京-丰台区,北京,09-08,4.5-6千/月,4500.0,6000.0,学历要求：大专,大专
软件测试工程师,北京德盛恒信电子技术有限责任公司,北京-朝阳区,北京,09-08,0.8-1万/月,8000.0,10000.0,学历要求：本科,本科
社群运营(接受应届生),美宝集团,北京-朝阳区,北京,09-08,0.8-1.5万/月,8000.0,15000.0,学历要求：本科,本科
高级投资拓展经理,建元未来城市投资发展有限公司,北京-朝阳区,北京,09-08,2-2.5万/月,20000.0,25000.0,学历要求：本科,本科
商务经理（美团业务）,大连同达企业管理有限公司,北京-海淀区,北京,09-08,1.5-2万/月,15000.0,20000.0,学历要求：本科,本科
销售工程师,北京普隆达科贸有限公司,北京-通州区,北京,09-08,6-8千/月,6000.0,8000.0,学历要求：大专,大专
电话销售经理,北京搜房科技发展有限公司,北京-丰台区,北京,09-08,1.5-2万/月,15000.0,20000.0,学历要求：本科,本科
电视节目编导,北京鼎国创恒文化发展有限公司,北京-海淀区,北京,09-08,0.5-1.3万/月,5000.0,13000.0,学历要求：本科,本科
产品开发服务,平安国际金融综合理财部,北京-朝阳区,北京,09-08,4-9千/月,4000.0,9000.0,学历要求：大专,大专
总经理销售助理,北京心安家顿健康科技有限公司,北京-丰台区,北京,09-08,4.5-6千/月,4500.0,6000.0,学历要求：大专,大专
人事专员,罗执管理咨询（北京）有限公司,北京-通州区,北京,09-08,8-10万/年,6666.666666666667,8333.333333333334,学历要求：大专,大专
招采经理,北京诚智慧中物业管理有限公司,北京-朝阳区,北京,09-08,2-2.5万/月,20000.0,25000.0,学历要求：本科,本科
建造师（建筑/装饰）,北京百利恒丰建设工程有限公司,北京-大兴区,北京,09-08,1.3-2万/月,13000.0,20000.0,学历要求：大专,大专
中国人寿大主管（偏管理）,中国人寿保险股份有限公司北京市分公司,北京-朝阳区,北京,09-08,1.5-2万/月,15000.0,20000.0,学历要求：大专,大专
新媒体运营主管,宁夏丝路通网络科技有限公司北京分公司,北京-朝阳区,北京,09-08,0.8-1.2万/月,8000.0,12000.0,学历要求：本科,本科
企业宽带销售,北京市神威迅腾科技发展有限公司,北京-朝阳区,北京,09-08,0.6-1万/月,6000.0,10000.0,学历要求：大专,大专
医疗器械销售,上海德圣医疗器械有限公司北京分公司,北京-丰台区,北京,09-08,4.5-6千/月,4500.0,6000.0,学历要求：大专,大专
技术支持工程师,北京英泰思特科技有限公司,北京-朝阳区,北京,09-08,6-8千/月,6000.0,8000.0,学历要求：大专,大专
Python工程师,上海大岂网络科技有限公司,北京,北京,09-08,1.5-2.2万/月,15000.0,22000.0,学历要求：本科,本科
农用机械制造技术指导,北京华思联认证中心,北京,北京,09-08,400元/天,12000.0,12000.0,学历要求：大专,大专
POS硬件维修工程师,艾体威尔电子技术（北京）有限公司,北京-丰台区,北京,09-08,3-4.5千/月,3000.0,4500.0,学历要求：中专,中专
英爱留学顾问,启德教育集团留学北京分公司,北京-朝阳区,北京,09-08,0.8-1万/月,8000.0,10000.0,学历要求：本科,本科
专利代理人/专利工程师,北京天悦专利代理事务所（普通合伙）,异地招聘,,09-08,1-2万/月,10000.0,20000.0,学历要求：本科,本科
销售助理,北京德盟检测科技有限公司,北京-朝阳区,北京,09-08,5-8千/月,5000.0,8000.0,学历要求：大专,大专
销售管培生/储备干部/底薪6000+/锻炼提高/绿色晋升,北京链家置地--国贸区10,北京,北京,09-08,0.8-1万/月,8000.0,10000.0,学历要求：本科,本科
C++开发工程师,湖南瑞利德信息科技有限公司,北京-朝阳区,北京,09-08,1-2万/月,10000.0,20000.0,学历要求：大专,大专
运维工程师,北京威克逊顾问有限公司,北京,北京,09-08,1-1.5万/月,10000.0,15000.0,学历要求：本科,本科
医药销售经理（医院事业部-北京）,雷允上药业集团有限公司,北京,北京,09-08,1-1.5万/月,10000.0,15000.0,学历要求：本科,本科
京东运营店长,菜鸟智能（北京）网络科技有限公司,北京-海淀区,北京,09-08,6-8千/月,6000.0,8000.0,学历要求：大专,大专
费用管理专员,中免（北京）商贸有限公司,北京,北京,09-08,6-8千/月,6000.0,8000.0,学历要求：本科,本科
销售内勤,万货仓（北京）网络科技有限公司,北京-石景山区,北京,09-08,4.5-6千/月,4500.0,6000.0,学历要求：,
服装版师（国企）,北京铜牛集团有限公司销售分公司,北京-朝阳区,北京,09-08,4.5-8千/月,4500.0,8000.0,学历要求：大专,大专
律师/法律顾问,北京市瑞驰律师事务所,北京-海淀区,北京,09-08,1-1.5万/月,10000.0,15000.0,学历要求：本科,本科
产品专员,福建福君基因生物科技有限公司,北京-大兴区,北京,09-08,0.6-1.2万/月,6000.0,12000.0,学历要求：硕士,硕士
CommeMoi-销售-朝阳大悦城,上海是你商贸有限公司,北京-朝阳区,北京,09-08,0.8-1万/月,8000.0,10000.0,学历要求：大专,大专
高级合规经理（华北区）,汇付天下有限公司,北京-海淀区,北京,09-08,3-4万/月,30000.0,40000.0,学历要求：本科,本科
实验室工程师,北京历元电子仪器有限公司,北京-昌平区,北京,09-08,6-8千/月,6000.0,8000.0,学历要求：大专,大专
前端开发工程师,奥成佳和（北京）软件开发有限公司,北京-大兴区,北京,09-08,1-1.5万/月,10000.0,15000.0,学历要求：大专,大专
导购员（北京）,广州生活无忧百货有限公司,北京-通州区,北京,09-08,4-8千/月,4000.0,8000.0,学历要求：,
摄影师,北京经观文化传媒有限公司,北京-海淀区,北京,09-08,7-9千/月,7000.0,9000.0,学历要求：本科,本科
院长助理,遨博（江苏）机器人有限公司,北京,北京,09-08,0.6-1万/月,6000.0,10000.0,学历要求：本科,本科
系统集成实施工程师,北京亿鸿佳合科技发展有限公司,北京-石景山区,北京,09-08,4.5-6千/月,4500.0,6000.0,学历要求：大专,大专
人事行政专员,北京天圣源建筑工程有限公司,北京-朝阳区,北京,09-08,4.5-6千/月,4500.0,6000.0,学历要求：大专,大专
前台,北京东南悦达医疗器械有限公司,北京-海淀区,北京,09-08,4.5-6千/月,4500.0,6000.0,学历要求：中专,中专
市场拓展专员（校园）,维宁体育文化产业（北京）有限公司,北京-朝阳区,北京,09-08,5-8千/月,5000.0,8000.0,学历要求：本科,本科
会计,北京龙世嘉蓝国际文化传播有限公司,北京-朝阳区,北京,09-08,6-8千/月,6000.0,8000.0,学历要求：本科,本科
出纳/行政,北京紫恒装修设计工程有限公司,北京-通州区,北京,09-08,4-5千/月,4000.0,5000.0,学历要求：大专,大专
技术主管（电气/自动化/工程管理）,北京雷恒科技有限公司,北京-大兴区,北京,09-08,1.3-2万/月,13000.0,20000.0,学历要求：本科,本科
设备销售经理,上海朗迈医疗器械科技有限公司,北京,北京,09-08,10-15万/年,8333.333333333334,12500.0,学历要求：大专,大专
高级医药代表（应届生）,上海信谊联合医药药材有限公司,异地招聘,,09-08,4.5-6千/月,4500.0,6000.0,学历要求：本科,本科
有源医疗器械研发,北京大清生物技术股份有限公司,北京-海淀区,北京,09-08,0.7-1.2万/月,7000.0,12000.0,学历要求：本科,本科
华北区域销售经理（音视频）,深圳市技湛科技有限公司,北京,北京,09-08,0.5-1万/月,5000.0,10000.0,学历要求：大专,大专
宣传片导演/编导,亿咖（北京）文化传媒有限公司,北京-丰台区,北京,09-08,1-1.5万/月,10000.0,15000.0,学历要求：大专,大专
机电工程师,北京立峰中和科技有限公司,北京-大兴区,北京,09-08,5-8千/月,5000.0,8000.0,学历要求：大专,大专
智能家居支持工程师―北京,深圳市君和睿通科技股份有限公司,北京-通州区,北京,09-08,5-7千/月,5000.0,7000.0,学历要求：大专,大专
续保专员,北京名尊奥翔汽车销售有限公司,北京-朝阳区,北京,09-08,1-1.5万/月,10000.0,15000.0,学历要求：大专,大专
人事行政主管,湖南菁益医疗科技有限公司,异地招聘,,09-08,6-8千/月,6000.0,8000.0,学历要求：本科,本科
工业设计师,北京大时伟业科技有限公司,北京-海淀区,北京,09-08,6-8千/月,6000.0,8000.0,学历要求：本科,本科
剪板折弯,北京供电福斯特开关设备有限公司,北京-大兴区,北京,09-08,3.5-7千/月,3500.0,7000.0,学历要求：,
Sales Assistant 销售助理,中以联科电子安装工程（北京）有限公司,北京,北京,09-08,5-6.5千/月,5000.0,6500.0,学历要求：本科,本科
采购中心高级专员,北京先锋寰宇电子商务有限责任公司,北京-海淀区,北京,09-08,5-8千/月,5000.0,8000.0,学历要求：大专,大专
C# 软件工程师,北京海维尔科技发展有限公司,北京,北京,09-08,2-2.5万/月,20000.0,25000.0,学历要求：硕士,硕士
销售工程师-消费类电子产品,增你强（上海）国际贸易有限公司北京分公司,北京-朝阳区,北京,09-08,0.8-1.5万/月,8000.0,15000.0,学历要求：,
采购工程师（北京）,中国电子系统工程第二建设有限公司,北京,北京,09-08,6-8千/月,6000.0,8000.0,学历要求：本科,本科
放映员,百老汇戏院有限公司,北京,北京,09-08,4.5-5.5千/月,4500.0,5500.0,学历要求：高中,高中
会计,中域实创集团股份有限公司,北京-海淀区,北京,09-08,6-8千/月,6000.0,8000.0,学历要求：大专,大专
平面设计师,贵州名帅酒业销售有限公司,北京-朝阳区,北京,09-08,6-8千/月,6000.0,8000.0,学历要求：大专,大专
SEM/信息流,卓越质胜（北京）科技发展有限公司,北京-朝阳区,北京,09-08,1-1.5万/月,10000.0,15000.0,学历要求：大专,大专
课程体验官,天津执品教育科技有限公司,北京,北京,09-08,200元/天,6000.0,6000.0,学历要求：,
中译日***翻译,天津北星博辉互联网信息服务有限公司,异地招聘,,09-08,2000元/天,60000.0,60000.0,学历要求：大专,大专
出纳,上海大菱食品有限公司,北京-丰台区,北京,09-08,4-5千/月,4000.0,5000.0,学历要求：大专,大专
A&R音乐制作助理,北京天乐浩世科技文化有限公司,北京-朝阳区,北京,09-08,6-8千/月,6000.0,8000.0,学历要求：本科,本科
行政助理/文员  周末双休,京拓装饰（北京）股份有限公司,北京-朝阳区,北京,09-08,4-6千/月,4000.0,6000.0,学历要求：大专,大专
高级投资经理,中国医疗器械有限公司,北京,北京,09-08,2-2.5万/月,20000.0,25000.0,学历要求：本科,本科
商品期货操盘手,广东粤富投资控股有限公司,异地招聘,,09-08,2-2.5万/月,20000.0,25000.0,学历要求：大专,大专
财务实习生,北京鲸鹳科技有限公司,北京-东城区,北京,09-08,3-3.5千/月,3000.0,3500.0,学历要求：本科,本科
服务专员-市场团,工银安盛人寿保险有限公司北京分公司,北京-东城区,北京,09-08,6-8千/月,6000.0,8000.0,学历要求：大专,大专
Java开发工程师,北京开元龙马科技有限公司,北京-朝阳区,北京,09-08,0.8-1.6万/月,8000.0,16000.0,学历要求：,
运营督导管理,北京映急物流有限公司,北京-通州区,北京,09-08,0.6-1.2万/月,6000.0,12000.0,学历要求：本科,本科
大客户经理,北京市房山区京房众联职业技能培训学校,北京-通州区,北京,09-08,5-8千/月,5000.0,8000.0,学历要求：大专,大专
产品质量标准化工程师,宜态科水务技术（上海）有限公司,异地招聘,,09-08,4-8千/月,4000.0,8000.0,学历要求：本科,本科
营销策划岗,北京世纪华侨城实业有限公司欢乐谷分公司,北京,北京,09-08,,,,学历要求：本科,本科
合规分析师,博彦科技股份有限公司,北京,北京,09-08,1.8-2万/月,18000.0,20000.0,学历要求：本科,本科
渠道销售经理（北京）,华宝基金管理有限公司,北京-朝阳区,北京,09-08,1.2-1.6万/月,12000.0,16000.0,学历要求：本科,本科
品牌策略主管(002032),威马汽车科技集团有限公司,异地招聘,,09-08,0.8-1.6万/月,8000.0,16000.0,学历要求：,
商品经理（区域零售）,Kailas户外服饰,北京-朝阳区,北京,09-08,1-1.5万/月,10000.0,15000.0,学历要求：大专,大专
高级店员（北京蓝色港湾店）,乔山健康科技（上海）有限公司上海分公司,北京-朝阳区,北京,09-08,4-6千/月,4000.0,6000.0,学历要求：高中,高中
技术销售代表,微泰医疗器械（杭州）有限公司,北京,北京,09-08,0.6-1.5万/月,6000.0,15000.0,学历要求：中专,中专
销售经理,北京唐诚朗风科技有限公司,北京-海淀区,北京,09-08,0.7-2万/月,7000.0,20000.0,学历要求：本科,本科
项目经理,北京科云互联科技有限公司,北京-海淀区,北京,09-08,1.5-2.5万/月,15000.0,25000.0,学历要求：本科,本科
会计助理,来英教育科技集团有限公司,北京-海淀区,北京,09-08,4.5-6千/月,4500.0,6000.0,学历要求：大专,大专
助理销售工程师,德铁轨道交通技术（上海）有限公司,北京,北京,09-08,4.5-7千/月,4500.0,7000.0,学历要求：大专,大专
实施工程师,北京爱可生信息技术股份有限公司,北京-昌平区,北京,09-08,0.7-1.2万/月,7000.0,12000.0,学历要求：本科,本科
销售代表,北京助力可期信息科技有限公司,北京-东城区,北京,09-08,2-2.5万/月,20000.0,25000.0,学历要求：大专,大专
销售代表/客户代表,北京公泰科技发展有限公司,北京-东城区,北京,09-08,4.5-6千/月,4500.0,6000.0,学历要求：大专,大专
运维工程师&热线客服专员,北京摩卡软件有限公司,北京-西城区,北京,09-08,4.5-6千/月,4500.0,6000.0,学历要求：大专,大专
编剧,北京浩宇恒泰文化传媒有限公司,北京-丰台区,北京,09-08,6-8千/月,6000.0,8000.0,学历要求：,
销售工程师,达文恒业科技（深圳）有限公司,北京-海淀区,北京,09-08,5-8千/月,5000.0,8000.0,学历要求：大专,大专
美工,盖雷（北京）流体系统科技有限公司,北京-朝阳区,北京,09-08,6-8千/月,6000.0,8000.0,学历要求：中专,中专
知识产权销售（一部）,北京世誉鑫诚知识产权代理有限公司,北京,北京,09-08,4-8千/月,4000.0,8000.0,学历要求：中专,中专
课程顾问,国信蒲公英教育科技（北京）有限公司,北京-昌平区,北京,09-08,6-8千/月,6000.0,8000.0,学历要求：大专,大专
店铺销售/导购――Fusalp（北京三里屯店）,传思译奥（上海）商贸有限公司,北京-朝阳区,北京,09-08,0.8-1.6万/月,8000.0,16000.0,学历要求：,
大客户经理,北京世纪超星信息技术发展有限责任公司,北京-海淀区,北京,09-08,5-8千/月,5000.0,8000.0,学历要求：本科,本科
医学研究经理（上市后临床项目）,北京韩美药品有限公司,北京-顺义区,北京,09-08,2-3千/月,2000.0,3000.0,学历要求：本科,本科
工程部-项目助理,久信通诚机电设备安装工程（北京）有限公司,北京-朝阳区,北京,09-08,4-5千/月,4000.0,5000.0,学历要求：大专,大专
建筑工程项目经理,北京科源顺达净化工程有限公司,北京-通州区,北京,09-08,0.8-1万/月,8000.0,10000.0,学历要求：本科,本科
渠道总监助理,北京理享家商务信息咨询有限公司,北京-东城区,北京,09-08,0.6-1万/月,6000.0,10000.0,学历要求：本科,本科
会计,北京梧桐心愿餐饮管理有限公司,北京,北京,09-08,5-8千/月,5000.0,8000.0,学历要求：大专,大专
电话销售,北京亮耳听力技术有限公司,北京-西城区,北京,09-08,5-6千/月,5000.0,6000.0,学历要求：中专,中专
心脏标志物 北京 省区销售经理,德记巴迪泰（上海）贸易有限公司,北京,北京,09-08,1-1.8万/月,10000.0,18000.0,学历要求：大专,大专
中级前端开发工程师,清控紫荆（北京）教育科技股份有限公司,北京-海淀区,北京,09-08,1.5-2万/月,15000.0,20000.0,学历要求：大专,大专
跨境电商 外贸专员-eBay，亚马孙，速卖通,北京华夏志勇科技发展有限公司,北京,北京,09-08,4.5-9千/月,4500.0,9000.0,学历要求：大专,大专
猎头管培生（人力资源招聘）,埃摩森网络科技（上海）有限公司,北京-朝阳区,北京,09-08,0.8-1万/月,8000.0,10000.0,学历要求：本科,本科
人事主管,北京瑞达恒建筑咨询有限公司,北京-西城区,北京,09-08,1-1.5万/月,10000.0,15000.0,学历要求：本科,本科
FPGA工程师,北京赛博兴安科技有限公司,北京-昌平区,北京,09-08,0.8-1.3万/月,8000.0,13000.0,学历要求：本科,本科
银保培训讲师,中宏人寿保险有限公司北京分公司,北京-西城区,北京,09-08,1.5-2万/月,15000.0,20000.0,学历要求：本科,本科
运营实习生,北京茄子悬赏科技发展有限公司,北京-海淀区,北京,09-08,3-4.5千/月,3000.0,4500.0,学历要求：,
北京办事处销售代表,雷拓（广东）科技有限公司,北京-丰台区,北京,09-08,0.8-1.5万/月,8000.0,15000.0,学历要求：,
科教处管理人员,中国医学科学院整形外科医院,北京-石景山区,北京,09-08,6-8千/月,6000.0,8000.0,学历要求：,
长期兼-职 ID62567,宜家北京四元桥商场,北京-朝阳区,北京,09-08,,,,学历要求：大专,大专
超声波算法工程师,北京易航远智科技有限公司,北京-朝阳区,北京,09-08,2-3万/月,20000.0,30000.0,学历要求：本科,本科
幼教 早教老师（北京坊店）,上海多雷米营销策划有限公司,北京-西城区,北京,09-08,4.5-6千/月,4500.0,6000.0,学历要求：,
销售代表,北京慧聪广教云电子商务有限公司,北京-朝阳区,北京,09-08,0.8-1万/月,8000.0,10000.0,学历要求：大专,大专
快时尚零售店经理/储备店长（北京华润五彩城）,东莞市悦客企业管理服务有限公司,北京-海淀区,北京,09-08,0.8-1.2万/月,8000.0,12000.0,学历要求：大专,大专
Lafayette148店铺主管(北京金融街),"LAFAYETTE 148 ( SHANGHAI ), INC",北京,北京,09-08,1-1.5万/月,10000.0,15000.0,学历要求：高中,高中
高级市场经理,北京市商汤科技开发有限公司,北京-海淀区,北京,09-08,3.5-5万/月,35000.0,50000.0,学历要求：本科,本科
贸易融资业务总监/经理,北京中金汇理金融服务外包有限公司,异地招聘,,09-08,2.5-4万/月,25000.0,40000.0,学历要求：本科,本科
电网实习生,北京慕亚管理技术有限公司,北京-丰台区,北京,09-08,3-4.5千/月,3000.0,4500.0,学历要求：大专,大专
讲师-行政管理（亦庄全职）,北京对啊网教育科技有限公司,北京-大兴区,北京,09-08,1-1.5万/月,10000.0,15000.0,学历要求：本科,本科
销售代表,北京美科华仪科技有限公司,北京-通州区,北京,09-08,4.5-6千/月,4500.0,6000.0,学历要求：大专,大专
团购销售代表,金果园老农（北京）食品股份有限公司,北京-朝阳区,北京,09-08,0.8-1万/月,8000.0,10000.0,学历要求：,
人事行政专员,北京运程嘉景自动化停车技术有限公司,北京-通州区,北京,09-08,4-5千/月,4000.0,5000.0,学历要求：大专,大专
产品经理,西人马（厦门）科技有限公司,北京-海淀区,北京,09-08,1.5-3万/月,15000.0,30000.0,学历要求：本科,本科
产品项目经理,北京在信网络技术顾问有限公司,北京-东城区,北京,09-08,1.5-2万/月,15000.0,20000.0,学历要求：本科,本科
自动化设备工程师,富思特新材料科技发展股份有限公司,北京-大兴区,北京,09-08,0.8-1万/月,8000.0,10000.0,学历要求：本科,本科
网络工程师,上海新炬网络信息技术股份有限公司,北京-海淀区,北京,09-08,6-9千/月,6000.0,9000.0,学历要求：本科,本科
会计,宁波尚进自动化科技有限公司,北京-石景山区,北京,09-08,0.5-1万/月,5000.0,10000.0,学历要求：大专,大专
外贸/贸易专员/助理,北京西特科技有限公司,北京,北京,09-08,4-8千/月,4000.0,8000.0,学历要求：本科,本科
高薪诚聘前台接待（凯迪拉克北苑店）,北京达世行北苑汽车销售服务有限公司,北京-朝阳区,北京,09-08,7-8千/月,7000.0,8000.0,学历要求：中专,中专
销售,上海夏仑光电技术有限公司,北京-朝阳区,北京,09-08,5-9千/月,5000.0,9000.0,学历要求：大专,大专
2020链家新生代/销售管培生/底薪6000,北京链家置地房地产经纪有限公司-BJ046,北京-朝阳区,北京,09-08,0.8-1万/月,8000.0,10000.0,学历要求：本科,本科
财富管理顾问式营销专员,平安国际金融中心综合理财投资部,北京-朝阳区,北京,09-08,5-9千/月,5000.0,9000.0,学历要求：大专,大专
媒介经理,广东九极生物科技有限公司,北京-朝阳区,北京,09-08,1-1.5万/月,10000.0,15000.0,学历要求：本科,本科
行政专员,北京洁丽雅保洁有限公司,北京-西城区,北京,09-08,3.2-5千/月,3200.0,5000.0,学历要求：大专,大专
会计,北京朝兴科瑞科学仪器有限公司,北京-朝阳区,北京,09-08,3-4.5千/月,3000.0,4500.0,学历要求：大专,大专
中国区客服经理,泰克科技（中国）有限公司,北京-朝阳区,北京,09-08,,,,学历要求：本科,本科
客户助理,北京亚汽联信息技术有限公司,北京-朝阳区,北京,09-08,0.6-1万/月,6000.0,10000.0,学历要求：本科,本科
射频IC设计工程师,江苏集萃智能集成电路设计技术研究所有限公司,异地招聘,,09-08,15-25万/年,12500.0,20833.333333333332,学历要求：本科,本科
BMW Recruiting Support,杭州韦创立商务咨询有限公司,北京-朝阳区,北京,09-08,0.8-1万/月,8000.0,10000.0,学历要求：本科,本科
仓库管理员,北京祥云兴隆农业科技发展有限公司,北京-昌平区,北京,09-08,4-5.5千/月,4000.0,5500.0,学历要求：高中,高中
秘书,史盾凯睿（上海）商务咨询有限公司Shilton Sharpe Quarry (SSQ),北京-朝阳区,北京,09-08,6-8千/月,6000.0,8000.0,学历要求：大专,大专
标准专员,中关村智联软件服务业质量创新联盟,北京-海淀区,北京,09-08,0.4-1万/月,4000.0,10000.0,学历要求：本科,本科
电话销售主管,北京华驿酒店管理有限公司,北京-朝阳区,北京,09-08,0.8-1万/月,8000.0,10000.0,学历要求：大专,大专
后端开发工程师,北京金史密斯科技有限公司,北京-丰台区,北京,09-08,1-1.5万/月,10000.0,15000.0,学历要求：本科,本科
硬件工程师,北京恒锋伟业科技有限公司,北京-大兴区,北京,09-08,6-8千/月,6000.0,8000.0,学历要求：本科,本科
项目专员,北京泛亚中视公关策划有限公司,北京-海淀区,北京,09-08,6-8千/月,6000.0,8000.0,学历要求：本科,本科
销售工程师,北京中天兰清环境科技有限公司,北京,北京,09-08,0.6-1万/月,6000.0,10000.0,学历要求：大专,大专
电商主管,北京季集尚品商贸有限公司,北京-顺义区,北京,09-08,1-1.5万/月,10000.0,15000.0,学历要求：,
急聘 销售业代,今日金生（北京）国际食品有限公司,北京-朝阳区,北京,09-08,0.8-1万/月,8000.0,10000.0,学历要求：高中,高中
大客户销售工程师-W-L,大联大商贸有限公司,北京-朝阳区,北京,09-08,0.8-1万/月,8000.0,10000.0,学历要求：大专,大专
技术支持工程师,广东美格基因科技有限公司,北京-昌平区,北京,09-08,1-1.8万/月,10000.0,18000.0,学历要求：硕士,硕士
探索智慧，无界未来――2021届校园招聘,广州凡拓数字创意科技股份有限公司,北京-西城区,北京,09-08,0.5-1万/月,5000.0,10000.0,学历要求：大专,大专
项目实施工程师（2021届校招）（北京）,北京数字政通科技股份有限公司,北京-海淀区,北京,09-08,6-8千/月,6000.0,8000.0,学历要求：本科,本科
专车司机,昊宇房地产开发有限公司,北京-西城区,北京,09-08,6-8千/月,6000.0,8000.0,学历要求：高中,高中
课程规划师/销售/无责底薪5k起/上市,达内时代科技集团有限公司,北京-海淀区,北京,09-08,1-1.5万/月,10000.0,15000.0,学历要求：大专,大专
长期兼-职 ID62568,宜家北京西红门商场,北京-大兴区,北京,09-08,,,,学历要求：大专,大专
董事长秘书,鱼你在一起餐饮管理（深圳）有限公司,北京-大兴区,北京,09-08,2-2.5万/月,20000.0,25000.0,学历要求：本科,本科
财务总监,国坛集团,异地招聘,,09-08,4-7万/月,40000.0,70000.0,学历要求：本科,本科
商务拓展与市场推广专员,上海英萃教育科技有限公司,北京-海淀区,北京,09-08,0.8-1.2万/月,8000.0,12000.0,学历要求：本科,本科
机械工程师B,北京瑞控信科技有限公司,北京-海淀区,北京,09-08,4-6千/月,4000.0,6000.0,学历要求：大专,大专
20、21届大专/本科应届生,爱才集团有限公司,北京-朝阳区,北京,09-08,150元/天,4500.0,4500.0,学历要求：大专,大专
Web前端开发工程师,北京汇博嘉讯科技有限公司,异地招聘,,09-08,1-1.5万/月,10000.0,15000.0,学历要求：本科,本科
结构工程师,京鼎工程建设有限公司,北京-东城区,北京,09-08,0.6-1.8万/月,6000.0,18000.0,学历要求：本科,本科
软件实施工程师,北京杰成合力科技有限公司,北京-海淀区,北京,09-08,6-8千/月,6000.0,8000.0,学历要求：本科,本科
IVD诊断试剂销售专员,史炳赛医疗器械(北京)有限责任公司,北京-朝阳区,北京,09-08,5-8千/月,5000.0,8000.0,学历要求：大专,大专
注册监理工程师,公诚管理咨询有限公司第六分公司,北京-丰台区,北京,09-08,1-1.5万/月,10000.0,15000.0,学历要求：大专,大专
测试工程师,北京华捷艾米科技有限公司,北京-海淀区,北京,09-08,1.5-2万/月,15000.0,20000.0,学历要求：本科,本科
商务内勤,北京和杰创新生物医学科技有限公司,北京-大兴区,北京,09-08,4.5-6千/月,4500.0,6000.0,学历要求：大专,大专
内容运营（少儿课程）,北京中澜视讯传媒科技有限公司,北京-朝阳区,北京,09-08,1.2-1.8万/月,12000.0,18000.0,学历要求：本科,本科
研究总监,第一象限市场咨询（北京）有限公司,北京,北京,09-08,1.5-2万/月,15000.0,20000.0,学历要求：硕士,硕士
人事经理,昂特（北京）科技有限公司,北京-大兴区,北京,09-08,0.6-1万/月,6000.0,10000.0,学历要求：大专,大专
贝壳/销售顾问/实习生/管培生,北京链家置地房地产经纪有限公司-BJ158,北京-大兴区,北京,09-08,0.8-1万/月,8000.0,10000.0,学历要求：本科,本科
GIS测试工程师,上海微创软件股份有限公司,北京,北京,09-08,1.2-1.3万/月,12000.0,13000.0,学历要求：本科,本科
度小月营运管理干部,北京寰城季诺餐饮有限公司,北京,北京,09-08,4.5-7.5千/月,4500.0,7500.0,学历要求：大专,大专
PHP高级开发工程师,北京互帮国际技术有限公司,北京-东城区,北京,09-08,1-1.5万/月,10000.0,15000.0,学历要求：大专,大专
金融研究员,北京国研网信息有限公司,北京-东城区,北京,09-08,1-1.5万/月,10000.0,15000.0,学历要求：硕士,硕士
管理培训生,北京中油京成石化有限责任公司,北京-东城区,北京,09-08,6-8千/月,6000.0,8000.0,学历要求：本科,本科
驻北京总站代表,厦门隆力德环境技术开发有限公司,北京-朝阳区,北京,09-08,6-8千/月,6000.0,8000.0,学历要求：硕士,硕士
施工图深化设计师,北京华开建筑装饰工程有限公司,北京-朝阳区,北京,09-08,0.8-1万/月,8000.0,10000.0,学历要求：大专,大专
Java开发工程师,亚创（上海）工程技术有限公司,北京-大兴区,北京,09-08,1.2-1.3万/月,12000.0,13000.0,学历要求：大专,大专
海外市场研究员,北京中恒远策信息咨询有限公司,北京,北京,09-08,0.7-1.4万/月,7000.0,14000.0,学历要求：本科,本科
销售工程师,雷诺丽特北京医疗事业部,北京-朝阳区,北京,09-08,0.8-1万/月,8000.0,10000.0,学历要求：本科,本科
急招天猫淘宝客服,北京楷瑞宝服饰有限公司,北京-大兴区,北京,09-08,4.5-7千/月,4500.0,7000.0,学历要求：大专,大专
安全主管,甘李药业股份有限公司,北京-通州区,北京,09-08,0.7-1.2万/月,7000.0,12000.0,学历要求：大专,大专
销售经理（北京）,北京普析通用仪器有限责任公司,北京-平谷区,北京,09-08,6-8千/月,6000.0,8000.0,学历要求：本科,本科
芯片测试工程师（北京）,江苏华创微系统有限公司,北京,北京,09-08,1.5-2万/月,15000.0,20000.0,学历要求：本科,本科
财务专员,"爱博诺德（北京）医疗科技股份有限公司Eyebright Medical Technology (Beijing) Co., Ltd",北京,北京,09-08,5-8千/月,5000.0,8000.0,学历要求：大专,大专
营销经理岗(J11638),东北证券股份有限公司,北京,北京,09-08,,,,学历要求：本科,本科
京东运营专员（京东自营旗舰店）,摩恩(上海)厨卫有限公司,北京-朝阳区,北京,09-08,,,,学历要求：大专,大专
英国房产客服,上海澜邦投资管理咨询有限公司,北京-朝阳区,北京,09-08,0.8-1.2万/月,8000.0,12000.0,学历要求：本科,本科
黄金原油操作专员（周末双休）,北京金辉时代投资管理有限公司,北京-朝阳区,北京,09-08,1-1.5万/月,10000.0,15000.0,学历要求：大专,大专
财务部主管,中农集团控股股份有限公司,北京-西城区,北京,09-08,1-1.5万/月,10000.0,15000.0,学历要求：本科,本科
薪酬主管,博爱眼科医疗集团,北京,北京,09-08,0.8-1万/月,8000.0,10000.0,学历要求：大专,大专
外贸专员(化工原料药）,北京泛球生物科技有限公司,北京-海淀区,北京,09-08,6-8千/月,6000.0,8000.0,学历要求：本科,本科
暖通技术工程师,广州市高衡力节能科技股份有限公司,北京-通州区,北京,09-08,4-8千/月,4000.0,8000.0,学历要求：大专,大专
零售渠道销售代表（北京）,荷美尔（中国）投资有限公司,北京,北京,09-08,6-8千/月,6000.0,8000.0,学历要求：大专,大专
产品顾问,上海营康计算机科技有限公司,北京,北京,09-08,0.7-1万/月,7000.0,10000.0,学历要求：本科,本科
加盟运营及销售经理,北京瑞品惠众商贸有限公司,北京-朝阳区,北京,09-08,1-1.5万/月,10000.0,15000.0,学历要求：本科,本科
培训助理,深圳聚融科技股份有限公司,北京-海淀区,北京,09-08,6-8千/月,6000.0,8000.0,学历要求：本科,本科
研发工程师,北京佳杰祥德流体科技有限公司,异地招聘,,09-08,0.6-1万/月,6000.0,10000.0,学历要求：本科,本科
工程资料员,北京瑞德泰达国际贸易有限公司,北京-朝阳区,北京,09-08,5-6.5千/月,5000.0,6500.0,学历要求：高中,高中
保洁/洗碗工,北京实全实美餐饮配送服务有限公司,北京-昌平区,北京,09-08,3-4.5千/月,3000.0,4500.0,学历要求：,
产品解决方案区域营销总监,中航太克（厦门）电力技术股份有限公司,异地招聘,,09-08,1-1.5万/月,10000.0,15000.0,学历要求：本科,本科
客户成功顾问,智慧芽信息科技（苏州）有限公司,北京-海淀区,北京,09-08,1-1.5万/月,10000.0,15000.0,学历要求：大专,大专
销售经理（急招）,创歆贸易（上海）有限公司,北京-海淀区,北京,09-08,1-1.5万/月,10000.0,15000.0,学历要求：本科,本科
销售专员（可接受应届生）,北京融创建投房地产集团有限公司,北京-大兴区,北京,09-08,6-8千/月,6000.0,8000.0,学历要求：本科,本科
seo sem,北京航天凯撒国际投资管理有限公司,北京-海淀区,北京,09-08,0.8-1万/月,8000.0,10000.0,学历要求：本科,本科
技术专员,北京佰勤信息科技股份有限公司,北京-海淀区,北京,09-08,4.5-6千/月,4500.0,6000.0,学历要求：大专,大专
技术支持工程师（北京）,北京吉因加科技有限公司,北京,北京,09-08,0.6-1万/月,6000.0,10000.0,学历要求：本科,本科
区域销售经理,北京智敏科技发展有限公司,北京-朝阳区,北京,09-08,0.6-1.2万/月,6000.0,12000.0,学历要求：中专,中专
商标审查流程服务岗位,国家工商行政管理总局商标审查协作中心,北京-西城区,北京,09-08,2.2-8千/月,2200.0,8000.0,学历要求：大专,大专
人事行政经理,北京金典伟业装饰工程有限公司,北京-大兴区,北京,09-08,0.8-1万/月,8000.0,10000.0,学历要求：大专,大专
福利专员,北京启明星辰信息安全技术有限公司,北京-海淀区,北京,09-08,5-7千/月,5000.0,7000.0,学历要求：本科,本科
商品主管,北京拓益科技有限公司,北京-朝阳区,北京,09-08,1-1.5万/月,10000.0,15000.0,学历要求：大专,大专
临床项目经理/PM,杭州德晋医疗科技有限公司,北京-西城区,北京,09-08,1.8-2.5万/月,18000.0,25000.0,学历要求：本科,本科
口腔咨询/客户经理/前台主管（非全职）,中安集团经贸有限责任公司,北京,北京,09-08,0.3-1万/月,3000.0,10000.0,学历要求：大专,大专
客服主管（写字楼物业）,北京金融街第一太平戴维斯物业管理有限公司,北京-西城区,北京,09-08,7-8.6千/月,7000.0,8600.0,学历要求：大专,大专
Java初级开发工程师,北京先进数通信息技术股份公司,北京-西城区,北京,09-08,1.1-1.6万/月,11000.0,16000.0,学历要求：大专,大专
电商业务（助理）经理-京东,健合集团――ANC事业部,北京,北京,09-08,20-30万/年,16666.666666666668,25000.0,学历要求：本科,本科
行政文员,武汉市英才世家教育科技有限公司,北京-海淀区,北京,09-08,6-7千/月,6000.0,7000.0,学历要求：大专,大专
计算机系统集成项目经理,北京久道科技有限公司,北京-顺义区,北京,09-08,1.5-2千/月,1500.0,2000.0,学历要求：大专,大专
销售经理（广电和影视行业）,北京乐呈科技有限公司,北京-朝阳区,北京,09-08,0.5-2万/月,5000.0,20000.0,学历要求：大专,大专
商务专员,深圳市赛普管理咨询有限公司,北京-朝阳区,北京,09-08,1-1.5万/月,10000.0,15000.0,学历要求：本科,本科
Unity 3D 开发工程师（北京）,奥图码数码科技（上海）有限公司,北京-海淀区,北京,09-08,1.5-2.5万/月,15000.0,25000.0,学历要求：大专,大专
电商销售代表（北京）,上海依蕴宠物用品有限公司,北京,北京,09-08,6-8千/月,6000.0,8000.0,学历要求：中技,中技
风险防控员（电力医院）,康诺众智（北京）健康管理有限公司,北京-丰台区,北京,09-08,4-8千/月,4000.0,8000.0,学历要求：中专,中专
大客户/渠道销售经理-智慧物联-北京,云从科技,北京,北京,09-08,1.5-2.5万/月,15000.0,25000.0,学历要求：大专,大专
法律事务管理,中煤电气有限公司,北京-顺义区,北京,09-08,0.8-1万/月,8000.0,10000.0,学历要求：本科,本科
电话邀约专员,北京奥之杰汽车修理有限公司,北京-朝阳区,北京,09-08,3-4.5千/月,3000.0,4500.0,学历要求：高中,高中
汽车电子销售工程师（华北区域）,昆易电子科技（上海）有限公司,北京-昌平区,北京,09-08,0.6-1.2万/月,6000.0,12000.0,学历要求：本科,本科
档案数字化专员（朝阳门）,中信外包服务集团有限公司北京分公司,北京-东城区,北京,09-08,4-4.5千/月,4000.0,4500.0,学历要求：大专,大专
前台兼秘书,上海段和段（北京）律师事务所,北京-朝阳区,北京,09-08,4-5千/月,4000.0,5000.0,学历要求：大专,大专
凯德晶品高端服装SA,上海康肯市场营销有限公司,北京-海淀区,北京,09-08,6-8千/月,6000.0,8000.0,学历要求：,
天猫 店铺客服 网店客服 网店直播 网店主播,北京京东威达商贸有限公司,北京-海淀区,北京,09-08,1.5千以下/月,0,0,学历要求：大专,大专
科研管理工程师,中公高科养护科技股份有限公司,北京-海淀区,北京,09-08,0.7-1万/月,7000.0,10000.0,学历要求：硕士,硕士
产品经理(可***),博远（天津）人力资源管理有限公司,北京-西城区,北京,09-08,1-1.5万/月,10000.0,15000.0,学历要求：大专,大专
销售经理,上海明月眼镜有限公司,北京,北京,09-08,1-1.7万/月,10000.0,17000.0,学历要求：大专,大专
酒店工程部经理,北京爱特博旅运服务有限责任公司,北京-顺义区,北京,09-08,1-1.5万/月,10000.0,15000.0,学历要求：大专,大专
区域销售经理,上海致昕信息科技有限公司,北京,北京,09-08,1-1.5万/月,10000.0,15000.0,学历要求：大专,大专
临床项目经理,北京博润阳光科技有限公司,北京,北京,09-08,1.5-3万/月,15000.0,30000.0,学历要求：本科,本科
招标主管,北京中关村电子城建设有限公司,北京-朝阳区,北京,09-08,1-2万/月,10000.0,20000.0,学历要求：本科,本科
地产中介无责底薪+高提成,北京市泰仑房地产经纪有限责任公司,北京-朝阳区,北京,09-08,1-1.5万/月,10000.0,15000.0,学历要求：,
北京区域 二手车评估师,汽车街,北京-朝阳区,北京,09-08,0.8-1万/月,8000.0,10000.0,学历要求：大专,大专
战略渠道发展总监（北京）,上海米健信息技术有限公司,北京-海淀区,北京,09-08,1.5-2万/月,15000.0,20000.0,学历要求：本科,本科
运维工程师（张家口）,北京易诚互动网络技术有限公司,异地招聘,,09-08,0.7-1万/月,7000.0,10000.0,学历要求：大专,大专
临床营养专员,圣元国际集团,北京-通州区,北京,09-08,0.8-1.5万/月,8000.0,15000.0,学历要求：本科,本科
人事助理,北京东方步步高电子科技有限公司,北京-朝阳区,北京,09-08,4.5-7千/月,4500.0,7000.0,学历要求：本科,本科
软件测试工程师,泛太领时科技（北京）有限公司,北京-海淀区,北京,09-08,0.6-1.2万/月,6000.0,12000.0,学历要求：本科,本科
细胞培养经理,北京艾汉特管理顾问有限公司,北京,北京,09-08,1.8-2.5万/月,18000.0,25000.0,学历要求：硕士,硕士
微商运营经理,北京力德码商贸有限公司,北京-朝阳区,北京,09-08,0.8-1.2万/月,8000.0,12000.0,学历要求：大专,大专
人力资源信息化系统高级经理HRIS,高济科技,北京,北京,09-08,4-5万/月,40000.0,50000.0,学历要求：本科,本科
信息流广告优化师,北京乐逍科技有限公司,北京-朝阳区,北京,09-08,0.4-1万/月,4000.0,10000.0,学历要求：大专,大专
售前主管,北京清能互联科技有限公司,北京-海淀区,北京,09-08,1-2万/月,10000.0,20000.0,学历要求：本科,本科
科研助理实习生,清华大学能源互联网创新研究院,北京-海淀区,北京,09-08,150元/天,4500.0,4500.0,学历要求：硕士,硕士
业务代表,福建名味食品有限公司,北京-丰台区,北京,09-08,5-8千/月,5000.0,8000.0,学历要求：中专,中专
系统工程师,玺萌资产控股有限公司,北京-丰台区,北京,09-08,0.5-2万/月,5000.0,20000.0,学历要求：本科,本科
客服专员,北京明生堂科技有限公司,北京-海淀区,北京,09-08,4.5-6千/月,4500.0,6000.0,学历要求：大专,大专
骨科跟台销售,上海博玛医疗科技有限公司,异地招聘,,09-08,0.4-1万/月,4000.0,10000.0,学历要求：大专,大专
BIM工程师（鄂州）,北京帕克国际工程咨询股份有限公司,异地招聘,,09-08,6-8千/月,6000.0,8000.0,学历要求：大专,大专
出纳,北京卓良模板有限公司,北京,北京,09-08,4-4.5千/月,4000.0,4500.0,学历要求：大专,大专
大中华区市场部实习生,海克斯康测量技术（青岛）有限公司,北京-朝阳区,北京,09-08,150元/天,4500.0,4500.0,学历要求：本科,本科
系统集成项目经理,北京节点通网络技术有限公司,北京,北京,09-08,1.5-2.5万/月,15000.0,25000.0,学历要求：本科,本科
销售业务员（驻北京地区）,元盛食品制造（上海）有限公司,北京,北京,09-08,0.5-1万/月,5000.0,10000.0,学历要求：高中,高中
4G/5G通信算法高级工程师,杰创智能科技股份有限公司,北京-海淀区,北京,09-08,1.5-3万/月,15000.0,30000.0,学历要求：本科,本科
平面设计师,北京皓智顺然传媒广告有限公司,北京,北京,09-08,6-8千/月,6000.0,8000.0,学历要求：大专,大专
总裁助理/总经理助理,北京本全天元贸易有限公司,北京-丰台区,北京,09-08,8-10万/年,6666.666666666667,8333.333333333334,学历要求：本科,本科
研发助理,北京基业昌达新能源技术有限公司,北京-通州区,北京,09-08,6-8千/月,6000.0,8000.0,学历要求：大专,大专
货车司机,北京中冷物流股份有限公司,北京-大兴区,北京,09-08,0.8-1万/月,8000.0,10000.0,学历要求：,
IT 经理,罗德与施瓦茨（中国）科技有限公司,北京,北京,09-08,3-4万/月,30000.0,40000.0,学历要求：本科,本科
销售代表,北京丰创世纪科技有限公司,北京-朝阳区,北京,09-08,0.4-1万/月,4000.0,10000.0,学历要求：高中,高中
网络主管,多弗国际控股集团有限公司,北京-朝阳区,北京,09-08,1.5-2万/月,15000.0,20000.0,学历要求：本科,本科
资深平面设计师,北京新印象文旅文化旅游开发有限公司,北京-朝阳区,北京,09-08,6-8千/月,6000.0,8000.0,学历要求：本科,本科
前端开发工程师,北京晨豪科技有限公司,北京-通州区,北京,09-08,0.6-1.2万/月,6000.0,12000.0,学历要求：本科,本科
高级硬件工程师,北京雷久科技有限责任公司,北京-海淀区,北京,09-08,1-2.2万/月,10000.0,22000.0,学历要求：本科,本科
审计助理,北京中天恒会计师事务所有限责任公司,北京-海淀区,北京,09-08,4-6千/月,4000.0,6000.0,学历要求：本科,本科
供应链信贷业务经理,深圳市企企通科技有限公司,北京-朝阳区,北京,09-08,1.5-2万/月,15000.0,20000.0,学历要求：大专,大专
机电运营经理,上海安锐盟企业服务有限公司,北京-朝阳区,北京,09-08,2-3万/月,20000.0,30000.0,学历要求：大专,大专
总裁办秘书,北京海泰方圆科技股份有限公司,北京,北京,09-08,1-2万/月,10000.0,20000.0,学历要求：本科,本科
出纳,太思隆达科技（北京）有限公司,北京-朝阳区,北京,09-08,4.5-5.5千/月,4500.0,5500.0,学历要求：本科,本科
三方业务总监,天津狮桥国际物流有限公司,北京-顺义区,北京,09-08,1.5-2.5万/月,15000.0,25000.0,学历要求：大专,大专
社群运营,中欧出版集团,北京,北京,09-08,0.5-1万/月,5000.0,10000.0,学历要求：本科,本科
杂志副主编,上海峰禾文化传播有限公司,北京,北京,09-08,2-4万/月,20000.0,40000.0,学历要求：本科,本科
客服文员,北京和众联达科贸有限公司,北京-大兴区,北京,09-08,4-4.2千/月,4000.0,4200.0,学历要求：中专,中专
销售顾问,耶比欧企业管理咨询（上海）有限公司北京分公司,北京-朝阳区,北京,09-08,1-1.5万/月,10000.0,15000.0,学历要求：本科,本科
新车库管,北京祥瑞聚鑫汽车销售服务有限公司,北京,北京,09-08,6-8千/月,6000.0,8000.0,学历要求：中专,中专
物业案场客服主管,中建一局集团房地产开发有限公司,北京,北京,09-08,6-8千/月,6000.0,8000.0,学历要求：大专,大专
销售外勤 Field Sales Assistant,欧蒙医学诊断（中国）有限公司,北京,北京,09-08,4.5-6千/月,4500.0,6000.0,学历要求：大专,大专
高级Java工程师,深圳市宝能投资集团有限公司,北京-朝阳区,北京,09-08,1.5-3万/月,15000.0,30000.0,学历要求：本科,本科
投资顾问,北京国泰瑞丰投资管理有限公司,北京-东城区,北京,09-08,1-1.5万/月,10000.0,15000.0,学历要求：本科,本科
招商经营管理负责人,吉安市城市建设投资开发公司,异地招聘,,09-08,1-1.5万/月,10000.0,15000.0,学历要求：大专,大专
售前/售后技术支持工程师,北京晶众智慧交通科技股份有限公司,北京-朝阳区,北京,09-08,0.8-1万/月,8000.0,10000.0,学历要求：中专,中专
航空业客服代表 外企直招 六险一金,PCCW电讯盈科,北京-海淀区,北京,09-08,4.5-8千/月,4500.0,8000.0,学历要求：大专,大专
医疗器械销售代表（高薪+高福利）,柏为（武汉）医疗科技股份有限公司,北京-朝阳区,北京,09-08,0.6-1.2万/月,6000.0,12000.0,学历要求：大专,大专
财务助理,普蕊斯（上海）医药科技开发股份有限公司,北京-朝阳区,北京,09-08,4.5-6千/月,4500.0,6000.0,学历要求：本科,本科
电堆设计工程师,北京氢璞创能科技有限公司,北京-海淀区,北京,09-08,2-3千/月,2000.0,3000.0,学历要求：硕士,硕士
芯片数字实现设计工程师（北京）,展讯通信(上海)有限公司,北京,北京,09-08,,,,学历要求：硕士,硕士
保洁公司急招市场部经理,北京百思得科技服务有限责任公司,北京-朝阳区,北京,09-08,7.7-9.5千/月,7700.0,9500.0,学历要求：本科,本科
维修员,北京爱尔斯特贸易有限公司,北京-大兴区,北京,09-08,4.5-8千/月,4500.0,8000.0,学历要求：,
建信基金视频剪辑及设计岗（地点：金融街）,北京赛迪通呼叫中心有限公司,北京-西城区,北京,09-08,6-8千/月,6000.0,8000.0,学历要求：本科,本科
新媒体运营/文案策划（双休）,米迪亚（北京）文化传播有限公司武汉分公司,北京-西城区,北京,09-08,1.5-2万/月,15000.0,20000.0,学历要求：本科,本科
销售工程师（仪器设备）,上海前景生物科技有限公司,北京-昌平区,北京,09-08,0.8-1万/月,8000.0,10000.0,学历要求：本科,本科
客服专员,北京伟博海泰生物科技有限公司,北京-顺义区,北京,09-08,4-6千/月,4000.0,6000.0,学历要求：大专,大专
JAVA中级,深圳市蓝宇飞扬科技有限公司,北京-朝阳区,北京,09-08,0.9-1.5万/月,9000.0,15000.0,学历要求：大专,大专
检测师-北京来广营望京区域,天天拍车北方大区,北京-昌平区,北京,09-08,0.8-1万/月,8000.0,10000.0,学历要求：中专,中专
办公网服务支持技术员,北京航聚信息科技有限公司,北京-顺义区,北京,09-08,5-7千/月,5000.0,7000.0,学历要求：大专,大专
中心校长,北京英瑞鸣和科技有限公司,北京-通州区,北京,09-08,1-1.5万/月,10000.0,15000.0,学历要求：大专,大专
管培生（中层定向）,北京建工新型建材有限责任公司,北京,北京,09-08,0.8-1万/月,8000.0,10000.0,学历要求：硕士,硕士
商品专员-数据,广东都市丽人实业有限公司,北京-大兴区,北京,09-08,4.5-6千/月,4500.0,6000.0,学历要求：大专,大专
资金清算岗（北京）,中国光大银行总行信用卡中心,北京,北京,09-08,,,,学历要求：硕士,硕士
远程银行中心运营管理岗（北京）,中国光大银行总行数字金融部,北京,北京,09-08,,,,学历要求：硕士,硕士
总行信息科技部-信息科技岗（北京）,中国光大银行总行信息科技部,北京,北京,09-08,,,,学历要求：本科,本科
运营柜员类（北京）,中国光大银行北京分行,北京,北京,09-08,,,,学历要求：本科,本科
学习管理师 五险一金,北京英伦翰林教育咨询有限公司,北京-顺义区,北京,09-08,0.7-1.5万/月,7000.0,15000.0,学历要求：本科,本科
管理培训生（北京）,中国光大银行总行,北京,北京,09-08,,,,学历要求：硕士,硕士
Onsite Account Specialist - 驻厂销售专员,法思诺（天津）国际贸易有限公司,北京-通州区,北京,09-08,1-1.2万/月,10000.0,12000.0,学历要求：大专,大专
行政前台,北京镁伽机器人科技有限公司,北京-昌平区,北京,09-08,4.5-6千/月,4500.0,6000.0,学历要求：大专,大专
财务会计,欣远卓然（北京）教育科技有限公司,北京-朝阳区,北京,09-08,0.8-1.2万/月,8000.0,12000.0,学历要求：本科,本科
会计,北京赛佰特科技有限公司,北京-丰台区,北京,09-08,7-9千/月,7000.0,9000.0,学历要求：大专,大专
业务咨询顾问(J10469),上海汉得信息技术股份有限公司,北京,北京,09-08,1-1.5万/月,10000.0,15000.0,学历要求：本科,本科
品质分选员,北京v林永磁材料有限公司,北京,北京,09-08,3-6千/月,3000.0,6000.0,学历要求：中专,中专
百合-VIP销售红娘,百合佳缘集团（百合网世纪佳缘）,北京-朝阳区,北京,09-08,1.5-2万/月,15000.0,20000.0,学历要求：高中,高中
销售代表（北京）,武汉华美生物工程有限公司,北京,北京,09-08,0.6-1.2万/月,6000.0,12000.0,学历要求：本科,本科
房产销售顾问（无责4000提供宿舍上五险）,北京华夏美居房地产经纪有限公司,北京-丰台区,北京,09-08,1-1.5万/月,10000.0,15000.0,学历要求：大专,大专
销售代表,英特矽科技（深圳）有限公司,北京-昌平区,北京,09-08,10-15万/年,8333.333333333334,12500.0,学历要求：本科,本科
无人机研发人员,石家庄市和美科技有限公司,异地招聘,,09-08,1-1.3万/月,10000.0,13000.0,学历要求：硕士,硕士
经纪人培训生（固收/货币资金）,中诚宝捷思货币经纪有限公司,北京-东城区,北京,09-08,7-9千/月,7000.0,9000.0,学历要求：本科,本科
医疗器械销售,北京鑫融达通经贸有限公司,北京-朝阳区,北京,09-08,0.5-1万/月,5000.0,10000.0,学历要求：大专,大专
商务公关助理,中泰德信（北京）档案管理有限公司,北京-大兴区,北京,09-08,6-8千/月,6000.0,8000.0,学历要求：本科,本科
文案策划（新媒体运营）,北京天下泽雨霍山石斛健康科技有限公司,北京-朝阳区,北京,09-08,0.8-1.2万/月,8000.0,12000.0,学历要求：本科,本科
市场营销经理,中国搜索信息科技股份有限公司,北京-东城区,北京,09-08,3-4万/月,30000.0,40000.0,学历要求：本科,本科
销售助理,北京和力记易科技有限公司,北京-海淀区,北京,09-08,5-6千/月,5000.0,6000.0,学历要求：大专,大专
Java开发主管,红盾大数据（北京）有限公司,北京-海淀区,北京,09-08,2-3万/月,20000.0,30000.0,学历要求：大专,大专
弱电工程师,国泰瑞安股份有限公司,北京-丰台区,北京,09-08,0.7-1.3万/月,7000.0,13000.0,学历要求：大专,大专
沈阳审校中心教辅图书编辑（高中政治）,京版北教文化传媒股份有限公司,异地招聘,,09-08,3.5-6千/月,3500.0,6000.0,学历要求：大专,大专
销售/销售工程师,上海佳加晟誉包装技术有限公司,北京-通州区,北京,09-08,0.6-1万/月,6000.0,10000.0,学历要求：中专,中专
日本免税店导购,重庆国际劳务培训中心有限公司,北京,北京,09-08,1.5-2万/月,15000.0,20000.0,学历要求：大专,大专
研发库房管理员,南京立迈胜机器人有限公司,北京-大兴区,北京,09-08,4-8千/月,4000.0,8000.0,学历要求：大专,大专
安装预算员,北京昕亿华消防工程有限公司,北京-石景山区,北京,09-08,0.8-1万/月,8000.0,10000.0,学历要求：大专,大专
高级猎头顾问  六日双休  朝九晚六,华凯仕达（北京）管理咨询有限公司,北京-朝阳区,北京,09-08,0.7-2万/月,7000.0,20000.0,学历要求：本科,本科
国际货代客服,大顺国际货运代理（北京）有限公司,北京-顺义区,北京,09-08,4.5-7千/月,4500.0,7000.0,学历要求：大专,大专
高端定制家具培训经理,华鹤集团有限公司,北京,北京,09-08,1-1.2万/月,10000.0,12000.0,学历要求：大专,大专
机构业务岗,财信证券北京德胜门外大街证券营业部,北京-西城区,北京,09-08,1.2-1.5万/月,12000.0,15000.0,学历要求：本科,本科
内勤/文员,北京和创科康生物科技有限公司,北京-大兴区,北京,09-08,3-4.5千/月,3000.0,4500.0,学历要求：大专,大专
会计,北京联迅创成科技有限公司,北京-昌平区,北京,09-08,0.8-1万/月,8000.0,10000.0,学历要求：大专,大专
销售助理,北京佳诚医药有限公司,北京,北京,09-08,4.5-6千/月,4500.0,6000.0,学历要求：大专,大专
现场/技术工程师,北京崇远信达科技有限公司,北京-昌平区,北京,09-08,0.5-1万/月,5000.0,10000.0,学历要求：大专,大专
品质主管,华信仪表（北京）有限公司,北京-昌平区,北京,09-08,4.5-6千/月,4500.0,6000.0,学历要求：中专,中专
市场经理,宁波灵均投资管理合伙企业（有限合伙）,北京-海淀区,北京,09-08,1-1.5万/月,10000.0,15000.0,学历要求：本科,本科
产品运营,北京小乐文化发展有限公司,北京-东城区,北京,09-08,10-15万/年,8333.333333333334,12500.0,学历要求：硕士,硕士
司机,北京好简际生物科技有限公司,北京-朝阳区,北京,09-08,5-8千/月,5000.0,8000.0,学历要求：高中,高中
制造中心-海上运输执行主管(J15607),金风科技-风机单元-质控中心,北京-大兴区,北京,09-08,1-1.5万/月,10000.0,15000.0,学历要求：本科,本科
普工,北京中科飞鸿科技股份有限公司,北京-海淀区,北京,09-08,3-4千/月,3000.0,4000.0,学历要求：,
融资专员,华亿东方资产管理集团有限公司,北京-东城区,北京,09-08,6-8千/月,6000.0,8000.0,学历要求：本科,本科
客户经理,北京某律师事务所,北京-朝阳区,北京,09-08,0.8-2万/月,8000.0,20000.0,学历要求：大专,大专
质量管理专员,金桥威士达（北京）医疗器械有限公司,北京-通州区,北京,09-08,3-4.5千/月,3000.0,4500.0,学历要求：大专,大专
联席总经理,天大中医药（中国）有限公司,异地招聘,,09-08,3-5万/月,30000.0,50000.0,学历要求：本科,本科
北京各区零售业务员,上海金塔医用器材有限公司,北京-朝阳区,北京,09-08,0.8-1万/月,8000.0,10000.0,学历要求：大专,大专
保洁员,中科院科技服务有限公司,北京-西城区,北京,09-08,2-3千/月,2000.0,3000.0,学历要求：高中,高中
PHP高级开发工程师,北京商联达科技有限公司,北京-海淀区,北京,09-08,1-2万/月,10000.0,20000.0,学历要求：本科,本科
软件工程师C++,北京擎科生物科技有限公司,北京-大兴区,北京,09-08,1.2-1.8万/月,12000.0,18000.0,学历要求：本科,本科
人事实习生,北京文通科技有限公司,北京-朝阳区,北京,09-08,3-4.5千/月,3000.0,4500.0,学历要求：本科,本科
客服专员（酒店式公寓）,北京东方广场有限公司,北京,北京,09-08,5.5-6千/月,5500.0,6000.0,学历要求：大专,大专
研究员&生物方向,海康生物科技（北京）有限公司,北京,北京,09-08,1.1-1.6万/月,11000.0,16000.0,学历要求：博士,博士
会计,北京永阳世纪科技有限责任公司,北京-海淀区,北京,09-08,6-8千/月,6000.0,8000.0,学历要求：大专,大专
会计,健康力（北京）医疗科技有限公司,北京-大兴区,北京,09-08,5-7千/月,5000.0,7000.0,学历要求：大专,大专
外贸助理,北京加鼎地毯有限公司,北京-大兴区,北京,09-08,6-8千/月,6000.0,8000.0,学历要求：大专,大专
财务会计,中科软科技股份有限公司,北京,北京,09-08,6-8千/月,6000.0,8000.0,学历要求：本科,本科
测试工程师,北京中外翻译咨询有限公司,北京-西城区,北京,09-08,6-8千/月,6000.0,8000.0,学历要求：本科,本科
薪酬绩效专员,盈科视控（北京）科技有限公司,北京-昌平区,北京,09-08,5-9千/月,5000.0,9000.0,学历要求：本科,本科
行政人力专员（应届生）,北京环都人工环境科技有限公司,北京,北京,09-08,4-6千/月,4000.0,6000.0,学历要求：本科,本科
项目专员,北京思必锐翻译有限责任公司,北京,北京,09-08,4.5-6千/月,4500.0,6000.0,学历要求：本科,本科
实施工程师,江苏群杰物联科技有限公司,北京,北京,09-08,0.8-1.5万/月,8000.0,15000.0,学历要求：大专,大专
销售经理,苏州云途半导体有限公司,北京-海淀区,北京,09-08,1-1.5万/月,10000.0,15000.0,学历要求：本科,本科
眼科验光师,北京昌久视康科技有限公司,北京,北京,09-08,0.4-1万/月,4000.0,10000.0,学历要求：本科,本科
财务实习生,三盛智慧教育科技股份有限公司,北京-海淀区,北京,09-08,180元/天,5400.0,5400.0,学历要求：本科,本科
文员,北京中物联联合认证中心,北京-东城区,北京,09-08,20元/小时,0,0,学历要求：,
QA专员,北京迅识生物科技有限公司,北京-大兴区,北京,09-08,0.6-1万/月,6000.0,10000.0,学历要求：大专,大专
Java开发工程师,北京同达合创信息技术有限公司,北京-海淀区,北京,09-08,1-1.5万/月,10000.0,15000.0,学历要求：本科,本科
现场客服售后,北京朗润德科技有限公司,北京-西城区,北京,09-08,6-8千/月,6000.0,8000.0,学历要求：本科,本科
（国企直招）实习生,北京昌平科技园发展有限公司,北京,北京,09-08,150元/天,4500.0,4500.0,学历要求：本科,本科
Digital Marketing Specialist,迪古里拉（中国）涂料有限公司,北京-朝阳区,北京,09-08,0.8-1.2万/月,8000.0,12000.0,学历要求：本科,本科
电商运营经理,北京同方光盘股份有限公司,北京,北京,09-08,6-8千/月,6000.0,8000.0,学历要求：大专,大专
英美留学回国硕士应届毕业生,北京嘉林药业股份有限公司,北京-朝阳区,北京,09-08,1-1.5万/月,10000.0,15000.0,学历要求：硕士,硕士
电工（需要白夜倒班）,北京嘉林药业,北京,北京,09-08,6-8千/月,6000.0,8000.0,学历要求：中专,中专
餐厅厨师,北京科拉斯科技有限公司,北京,北京,09-08,5-6千/月,5000.0,6000.0,学历要求：大专,大专
华北区域销售总监,上海建业信息科技股份有限公司,北京-海淀区,北京,09-08,1-3万/月,10000.0,30000.0,学历要求：大专,大专
销售经理,北京国信晟通科技发展有限公司,北京-海淀区,北京,09-08,0.5-1.2万/月,5000.0,12000.0,学历要求：大专,大专
专职司机/商务司机,北京锐业制药有限公司,北京-大兴区,北京,09-08,6-8千/月,6000.0,8000.0,学历要求：中专,中专
技术申报负责人（工业CT）,深圳帧观德芯科技有限公司,北京-朝阳区,北京,09-08,1.5-2万/月,15000.0,20000.0,学历要求：本科,本科
销售经理（北京）,深圳摩方材料科技有限公司,北京,北京,09-08,2-3万/月,20000.0,30000.0,学历要求：本科,本科
前台实习生,高视医疗投资有限公司,北京-东城区,北京,09-08,120元/天,3600.0,3600.0,学历要求：大专,大专
留学咨询经理（销售岗）,北京中美加国际咨询有限公司,北京-东城区,北京,09-08,2-3.5万/月,20000.0,35000.0,学历要求：本科,本科
物联网销售经理,上海麦杰科技股份有限公司,北京-丰台区,北京,09-08,1-1.5万/月,10000.0,15000.0,学历要求：大专,大专
前台,北京昆仑联通科技发展股份有限公司,北京-海淀区,北京,09-08,4-6千/月,4000.0,6000.0,学历要求：大专,大专
Oracle EBS 技术/开发/实施顾问,上海为拓管理咨询有限公司,北京,北京,09-08,0.7-2.5万/月,7000.0,25000.0,学历要求：本科,本科
运营助理,北京赞及达企业管理有限公司,北京,北京,09-08,6-8千/月,6000.0,8000.0,学历要求：大专,大专
进站博士,北京汉典制药有限公司,北京-朝阳区,北京,09-08,1.2-1.8万/月,12000.0,18000.0,学历要求：博士,博士
省区经理（北京）,科兴生物制药股份有限公司,北京,北京,09-08,1-1.5万/月,10000.0,15000.0,学历要求：本科,本科
项目经理,北京纳杰知识产权代理有限公司,北京-东城区,北京,09-08,1-1.5万/月,10000.0,15000.0,学历要求：大专,大专
文员,北京楚天激光设备有限公司,北京-大兴区,北京,09-08,4.5-6千/月,4500.0,6000.0,学历要求：大专,大专
水工,北京岁豪汇俊商业管理顾问有限公司,北京-朝阳区,北京,09-08,3-4.5千/月,3000.0,4500.0,学历要求：中技,中技
人事助理,新航道国际教育集团,北京-海淀区,北京,09-08,4-6千/月,4000.0,6000.0,学历要求：本科,本科
水电工,北京深蓝动力物业管理服务有限公司,北京-顺义区,北京,09-08,6-8千/月,6000.0,8000.0,学历要求：中专,中专
销售代表,苏州博思美医疗科技有限公司,北京,北京,09-08,0.5-1万/月,5000.0,10000.0,学历要求：大专,大专
资产评估项目经理,北京中永智会计师事务所有限公司,北京-海淀区,北京,09-08,1-1.5万/月,10000.0,15000.0,学历要求：大专,大专
急聘电话销售（双休+五险一金）,国脉爱特（网易云智慧产品合作伙伴）,北京,北京,09-08,0.8-1万/月,8000.0,10000.0,学历要求：大专,大专
招聘及员工关系主管,北京中保绿农科技集团有限公司,北京-海淀区,北京,09-08,0.8-1.2万/月,8000.0,12000.0,学历要求：本科,本科
电气仪表工程师,北京立诚石化技术有限公司,北京-海淀区,北京,09-08,0.7-1.2万/月,7000.0,12000.0,学历要求：本科,本科
高级Java工程师（北京）,天逸金融服务集团股份有限公司,北京,北京,09-08,1.5-3万/月,15000.0,30000.0,学历要求：本科,本科
行政助理,北京中认信和科技服务有限公司,北京-东城区,北京,09-08,4.5-6千/月,4500.0,6000.0,学历要求：本科,本科
团险客户经理（银行渠道）,建信人寿保险股份有限公司北京分公司,北京-朝阳区,北京,09-08,10-30万/年,8333.333333333334,25000.0,学历要求：大专,大专
工程销售经理,佛山市益丰合泰建材有限公司,北京,北京,09-08,15-20万/年,12500.0,16666.666666666668,学历要求：大专,大专
外贸助理,北京马赫天诚科技有限公司,北京,北京,09-08,4.5-9千/月,4500.0,9000.0,学历要求：大专,大专
电气设计/电气工程师,聚合电力工程设计（北京）股份有限公司,北京-海淀区,北京,09-08,5-6千/月,5000.0,6000.0,学历要求：本科,本科
招标专员,赛昂（上海）医疗器械有限公司,北京,北京,09-08,4.5-7千/月,4500.0,7000.0,学历要求：本科,本科
Java工程师（tky)电商,北京华路时代信息技术股份有限公司,北京-海淀区,北京,09-08,1.5-2万/月,15000.0,20000.0,学历要求：本科,本科
市场调研员,中山英诺莱比智能科技有限公司,北京-顺义区,北京,09-08,0.8-1万/月,8000.0,10000.0,学历要求：本科,本科
房地产置业顾问,北京天安天地房地产开发有限公司,北京-西城区,北京,09-08,0.5-1万/月,5000.0,10000.0,学历要求：,
销售代表（北京）,广州标际包装设备有限公司,北京-大兴区,北京,09-08,10-20万/年,8333.333333333334,16666.666666666668,学历要求：大专,大专
行政秘书,童趣出版有限公司,北京,北京,09-08,6-8千/月,6000.0,8000.0,学历要求：硕士,硕士
工程维修工,亦庄创意生活广场/大料国际影城,北京,北京,09-08,4.5-6千/月,4500.0,6000.0,学历要求：高中,高中
销售代表,杭州启明医疗器械股份有限公司,北京,北京,09-08,0.8-1万/月,8000.0,10000.0,学历要求：大专,大专
行政人事,北京龙京科技有限公司,北京-朝阳区,北京,09-08,3-4.5千/月,3000.0,4500.0,学历要求：中专,中专
售后技术支持工程师,北京四维远见信息技术有限公司,北京-丰台区,北京,09-08,6-7千/月,6000.0,7000.0,学历要求：本科,本科
招聘专员,北京秒付科技有限公司,北京,北京,09-08,6-8千/月,6000.0,8000.0,学历要求：大专,大专
机修技师,北京达世行华威汽车销售有限公司,北京-朝阳区,北京,09-08,0.8-1万/月,8000.0,10000.0,学历要求：中专,中专
餐厅杂工,北京天鸿宝地物业管理经营有限公司,北京-海淀区,北京,09-08,2.8-3.5千/月,2800.0,3500.0,学历要求：,
